date_start,data_end,name,ticker,indic,retorno,ret
1/1/2012,1/31/2012,ITAÚ UNIBANCO PN ,ITUB4<XBSP>,6,3.360998293,0.033609983
1/1/2012,1/31/2012,PETROBRAS PN ,PETR4<XBSP>,3,15.39432139,0.153943214
1/1/2012,1/31/2012,COPEL PNB ,CPLE6<XBSP>,3,4.241645244,0.042416452
1/1/2012,1/31/2012,OGX PETRÓLEO ON ,OGXP3<XBSP>,3,21.51248164,0.215124816
1/1/2012,1/31/2012,REDECARD ON ,RDCD3<XBSP>,2,7.913669065,0.079136691
1/1/2012,1/31/2012,PÃO DE AÇÚCAR PN ,PCAR4<XBSP>,2,8.955223881,0.089552239
1/1/2012,1/31/2012,GERDAU PN ,GGBR4<XBSP>,2,14.82758621,0.148275862
1/1/2012,1/31/2012,CETIP ON ,CTIP3<XBSP>,2,0,0
1/1/2012,1/31/2012,ENERGIAS DO BRASIL ON ,ENBR3<XBSP>,2,-1.927710843,-0.019277108
1/1/2012,1/31/2012,CIELO ON ,CIEL3<XBSP>,2,7.987551867,0.079875519
2/1/2012,2/29/2012,ITAÚ UNIBANCO PN ,ITUB4<XBSP>,3,4.819414379,0.048194144
2/1/2012,2/29/2012,OGX PETRÓLEO ON ,OGXP3<XBSP>,3,2.719033233,0.027190332
2/1/2012,2/29/2012,TIM PART. ON ,TIMS3<XBSP>,2,7.113402062,0.071134021
2/1/2012,2/29/2012,VALE PNA ,VALE5<XBSP>,2,-0.445069103,-0.004450691
2/1/2012,2/29/2012,TELEFÔNICA BR PN ,VIVT4<XBSP>,2,5.652620761,0.056526208
2/1/2012,2/29/2012,LOJAS RENNER ON ,LREN3<XBSP>,2,10.81355932,0.108135593
2/1/2012,2/29/2012,COPEL PNB ,CPLE6<XBSP>,2,6.609124538,0.066091245
2/1/2012,2/29/2012,CETIP ON ,CTIP3<XBSP>,2,18.73840445,0.187384045
2/1/2012,2/29/2012,BANCO DO BRASIL ON ,BBAS3<XBSP>,2,2.26384325,0.022638432
2/1/2012,2/29/2012,MULTIPLUS ON ,MPLU3<XBSP>,2,18.23608419,0.182360842
3/1/2012,3/31/2012,VALE PNA ,VALE5<XBSP>,3,-2.447058823,-0.024470588
3/1/2012,3/31/2012,PÃO DE AÇÚCAR PN ,PCAR4<XBSP>,2,9.296482412,0.092964824
3/1/2012,3/31/2012,PDG REALTY ON ,PDGR3<XBSP>,2,-14.03269755,-0.140326975
3/1/2012,3/31/2012,PETROBRAS PN ,PETR4<XBSP>,2,-3.465848801,-0.034658488
3/1/2012,3/31/2012,OGX PETRÓLEO ON ,OGXP3<XBSP>,2,-11.17647059,-0.111764706
3/1/2012,3/31/2012,ITAÚ UNIBANCO PN ,ITUB4<XBSP>,2,-3.955610059,-0.039556101
3/1/2012,3/31/2012,BRF ON ,BRFS3<XBSP>,2,0.278551532,0.002785515
3/1/2012,3/31/2012,CETIP ON ,CTIP3<XBSP>,2,-5.102983757,-0.051029838
3/1/2012,3/31/2012,DASA ON ,DASA3<XBSP>,2,-12.4375,-0.124375
3/1/2012,3/31/2012,AMBEV PN ,AMBV4<XBSP>,2,10.70894757,0.107089476
4/1/2012,4/30/2012,IOCHPE MAXION ON ,MYPK3<XBSP>,2,-7.739388951,-0.07739389
4/1/2012,4/30/2012,OGX PETRÓLEO ON ,OGXP3<XBSP>,2,-12.38410596,-0.12384106
4/1/2012,4/30/2012,TIM PART. ON ,TIMS3<XBSP>,2,-0.74998687,-0.007499869
4/1/2012,4/30/2012,BRF ON ,BRFS3<XBSP>,2,-3.194444445,-0.031944444
4/1/2012,4/30/2012,ITAÚ UNIBANCO PN ,ITUB4<XBSP>,2,-14.07704425,-0.140770443
4/1/2012,4/30/2012,COSAN ON ,CSAN3<XBSP>,2,-2.532391049,-0.02532391
4/1/2012,4/30/2012,BM&FBOVESPA ON ,B3SA3<XBSP>,1,-4.62633452,-0.046263345
4/1/2012,4/30/2012,PETROBRAS PN ,PETR4<XBSP>,1,-8.822269807,-0.088222698
4/1/2012,4/30/2012,PETROBRAS ON ,PETR3<XBSP>,1,-7.860082304,-0.078600823
4/1/2012,4/30/2012,GERDAU PN ,GGBR4<XBSP>,1,2.634593356,0.026345934
5/1/2012,5/31/2012,TIM PART. ON ,TIMS3<XBSP>,3,-14.02116402,-0.14021164
5/1/2012,5/31/2012,PÃO DE AÇÚCAR PN ,PCAR4<XBSP>,3,-13.67231638,-0.136723164
5/1/2012,5/31/2012,IOCHPE MAXION ON ,MYPK3<XBSP>,3,-24.10039311,-0.241003931
5/1/2012,5/31/2012,CEMIG PN ,CMIG4<XBSP>,2,-6.881948121,-0.068819481
5/1/2012,5/31/2012,ITAÚ UNIBANCO PN ,ITUB4<XBSP>,2,-2.284475571,-0.022844756
5/1/2012,5/31/2012,AES TIETÊ PN ,GETI4<XBSP>,2,4.67148297,0.04671483
5/1/2012,5/31/2012,CCR ON ,CCRO3<XBSP>,2,6.081081081,0.060810811
5/1/2012,5/31/2012,OGX PETRÓLEO ON ,OGXP3<XBSP>,2,-22.14663643,-0.221466364
5/1/2012,5/31/2012,VALE PNA ,VALE5<XBSP>,1,-11.41133896,-0.11411339
5/1/2012,5/31/2012,PETROBRAS PN ,PETR4<XBSP>,1,-9.215919785,-0.092159198
6/1/2012,6/30/2012,CEMIG PN ,CMIG4<XBSP>,5,6.67993178,0.066799318
6/1/2012,6/30/2012,CCR ON ,CCRO3<XBSP>,4,4.012738854,0.040127389
6/1/2012,6/30/2012,VALE PNA ,VALE5<XBSP>,4,6.644880174,0.066448802
6/1/2012,6/30/2012,AMBEV PN ,AMBV4<XBSP>,3,0.815189539,0.008151895
6/1/2012,6/30/2012,ULTRAPAR ON ,UGPA3<XBSP>,2,8.941913714,0.089419137
6/1/2012,6/30/2012,TIM PART. ON ,TIMS3<XBSP>,2,14.46153846,0.144615385
6/1/2012,6/30/2012,GERDAU PN ,GGBR4<XBSP>,2,11.60151324,0.116015132
6/1/2012,6/30/2012,COPEL PNB ,CPLE6<XBSP>,2,7.752315943,0.077523159
6/1/2012,6/30/2012,PÃO DE AÇÚCAR PN ,PCAR4<XBSP>,2,4.866215685,0.048662157
6/1/2012,6/30/2012,MARCOPOLO PN ,POMO4<XBSP>,2,-3.33271662,-0.033327166
7/1/2012,7/31/2012,VALE PNA ,VALE5<XBSP>,5,-7.048008172,-0.070480082
7/1/2012,7/31/2012,CCR ON ,CCRO3<XBSP>,4,4.71524801,0.04715248
7/1/2012,7/31/2012,PÃO DE AÇÚCAR PN ,PCAR4<XBSP>,3,4.375,0.04375
7/1/2012,7/31/2012,CEMIG PN ,CMIG4<XBSP>,3,4.396482814,0.043964828
7/1/2012,7/31/2012,MRV ON ,MRVE3<XBSP>,2,19.89247312,0.198924731
7/1/2012,7/31/2012,TIM PART. ON ,TIMS3<XBSP>,2,-23.47670251,-0.234767025
7/1/2012,7/31/2012,COPEL PNB ,CPLE6<XBSP>,2,-4.79638009,-0.047963801
7/1/2012,7/31/2012,BR MALLS PART. ON ,BRML3<XBSP>,2,4,0.04
7/1/2012,7/31/2012,AMBEV PN ,AMBV4<XBSP>,2,1.69469599,0.01694696
7/1/2012,7/31/2012,ITAÚ UNIBANCO PN ,ITUB4<XBSP>,2,14.83642794,0.148364279
8/1/2012,8/31/2012,VALE PNA ,VALE5<XBSP>,4,-8.846153846,-0.088461538
8/1/2012,8/31/2012,ITAÚ UNIBANCO PN ,ITUB4<XBSP>,4,-1.478332998,-0.01478333
8/1/2012,8/31/2012,CEMIG PN ,CMIG4<XBSP>,4,-11.56202144,-0.115620214
8/1/2012,8/31/2012,ARTERIS ON ,ARTR3<XBSP>,3,11.01694915,0.110169492
8/1/2012,8/31/2012,PÃO DE AÇÚCAR PN ,PCAR4<XBSP>,2,2.410360955,0.02410361
8/1/2012,8/31/2012,BR MALLS PART. ON ,BRML3<XBSP>,2,5.769230769,0.057692308
8/1/2012,8/31/2012,BANCO DO BRASIL ON ,BBAS3<XBSP>,2,6.898105963,0.06898106
8/1/2012,8/31/2012,AMBEV PN ,AMBV4<XBSP>,2,-2.238900903,-0.022389009
8/1/2012,8/31/2012,VALE ON ,VALE3<XBSP>,1,-9.071332436,-0.090713324
8/1/2012,8/31/2012,GERDAU PN ,GGBR4<XBSP>,1,-3.159870368,-0.031598704
9/1/2012,9/30/2012,CCR ON ,CCRO3<XBSP>,4,0.603070176,0.006030702
9/1/2012,9/30/2012,RAIA DROGASIL ON ,RADL3<XBSP>,3,8.688480109,0.086884801
9/1/2012,9/30/2012,TIM PART. ON ,TIMS3<XBSP>,2,-2.973977695,-0.029739777
9/1/2012,9/30/2012,VALE PNA ,VALE5<XBSP>,2,6.298975286,0.062989753
9/1/2012,9/30/2012,OI PN ,OIBR4<XBSP>,2,5.706874189,0.057068742
9/1/2012,9/30/2012,GERDAU PN ,GGBR4<XBSP>,2,7.409470752,0.074094708
9/1/2012,9/30/2012,BANCO DO BRASIL ON ,BBAS3<XBSP>,2,8.213722921,0.082137229
9/1/2012,9/30/2012,BR MALLS PART. ON ,BRML3<XBSP>,2,11.26482213,0.112648221
9/1/2012,9/30/2012,AMBEV PN ,AMBV4<XBSP>,2,1.093038386,0.010930384
9/1/2012,9/30/2012,ITAÚ UNIBANCO PN ,ITUB4<XBSP>,2,-3.455893956,-0.03455894
10/1/2012,10/31/2012,VALE PNA ,VALE5<XBSP>,3,6.48137929,0.064813793
10/1/2012,10/31/2012,BR PROPERTIES ON ,BRPR3<XBSP>,3,0.56710775,0.005671078
10/1/2012,10/31/2012,SABESP ON ,SBSP3<XBSP>,2,3.602843716,0.036028437
10/1/2012,10/31/2012,TELEFÔNICA BR PN ,VIVT4<XBSP>,2,1.603070671,0.016030707
10/1/2012,10/31/2012,PETROBRAS PN ,PETR4<XBSP>,2,-7.018328118,-0.070183281
10/1/2012,10/31/2012,GERDAU PN ,GGBR4<XBSP>,2,-7.935684647,-0.079356846
10/1/2012,10/31/2012,ARTERIS ON ,ARTR3<XBSP>,2,3.829755745,0.038297557
10/1/2012,10/31/2012,CCR ON ,CCRO3<XBSP>,2,0.280741157,0.002807412
10/1/2012,10/31/2012,AMBEV PN ,AMBV4<XBSP>,2,7.64262648,0.076426265
10/1/2012,10/31/2012,KROTON UNIT ,KROT11<XBSP>,2,17.00288184,0.170028818
11/1/2012,11/30/2012,LOJAS RENNER ON ,LREN3<XBSP>,4,3.922872341,0.039228723
11/1/2012,11/30/2012,KROTON UNIT ,KROT11<XBSP>,3,2.068965517,0.020689655
11/1/2012,11/30/2012,PETROBRAS PN ,PETR4<XBSP>,3,-10.28846154,-0.102884615
11/1/2012,11/30/2012,CCR ON ,CCRO3<XBSP>,3,2.799552072,0.027995521
11/1/2012,11/30/2012,VALE PNA ,VALE5<XBSP>,3,0.962861073,0.009628611
11/1/2012,11/30/2012,TELEFÔNICA BR PN ,VIVT4<XBSP>,2,5.3299437,0.053299437
11/1/2012,11/30/2012,ITAÚ UNIBANCO PN ,ITUB4<XBSP>,2,8.27017012,0.082701701
11/1/2012,11/30/2012,BRADESCO PN ,BBDC4<XBSP>,2,10.97548355,0.109754836
11/1/2012,11/30/2012,CETIP ON ,CTIP3<XBSP>,2,-6.196581197,-0.061965812
11/1/2012,11/30/2012,AMBEV PN ,AMBV4<XBSP>,2,6.626506024,0.06626506
12/1/2012,12/31/2012,VALE PNA ,VALE5<XBSP>,5,11.36239782,0.113623978
12/1/2012,12/31/2012,LOJAS RENNER ON ,LREN3<XBSP>,3,2.257355894,0.022573559
12/1/2012,12/31/2012,PETROBRAS PN ,PETR4<XBSP>,3,4.608788853,0.046087889
12/1/2012,12/31/2012,TOTVS ON ,TOTS3<XBSP>,3,1.625893272,0.016258933
12/1/2012,12/31/2012,KROTON ON ,COGN3<XBSP>,2,15.625,0.15625
12/1/2012,12/31/2012,ITAÚ UNIBANCO PN ,ITUB4<XBSP>,2,4.8887836,0.048887836
12/1/2012,12/31/2012,CCR ON ,CCRO3<XBSP>,2,5.936819172,0.059368192
12/1/2012,12/31/2012,COELCE PNA ,COCE5<XBSP>,2,29.5709761,0.295709761
12/1/2012,12/31/2012,BRF ON ,BRFS3<XBSP>,2,8.737113402,0.087371134
12/1/2012,12/31/2012,BM&FBOVESPA ON ,B3SA3<XBSP>,1,9.034267913,0.090342679
1/1/2013,1/31/2013,VALE PNA ,VALE5<XBSP>,5,-5.309517984,-0.05309518
1/1/2013,1/31/2013,GERDAU PN ,GGBR4<XBSP>,4,-2.565532627,-0.025655326
1/1/2013,1/31/2013,LOJAS RENNER ON ,LREN3<XBSP>,3,-0.05015674,-0.000501567
1/1/2013,1/31/2013,RAIA DROGASIL ON ,RADL3<XBSP>,2,-3.554399653,-0.035543997
1/1/2013,1/31/2013,TIM PART. ON ,TIMS3<XBSP>,2,7.317073171,0.073170732
1/1/2013,1/31/2013,PETROBRAS PN ,PETR4<XBSP>,2,-7.37704918,-0.073770492
1/1/2013,1/31/2013,ITAÚ UNIBANCO PN ,ITUB4<XBSP>,2,2.921348315,0.029213483
1/1/2013,1/31/2013,CCR ON ,CCRO3<XBSP>,2,5.655526992,0.05655527
1/1/2013,1/31/2013,COSAN ON ,CSAN3<XBSP>,2,12.5748503,0.125748503
1/1/2013,1/31/2013,BM&FBOVESPA ON ,B3SA3<XBSP>,2,-0.428571429,-0.004285714
2/1/2013,2/28/2013,VALE PNA ,VALE5<XBSP>,4,-5.555555556,-0.055555556
2/1/2013,2/28/2013,LOJAS RENNER ON ,LREN3<XBSP>,3,-5.45728265,-0.054572826
2/1/2013,2/28/2013,TIM PART. ON ,TIMS3<XBSP>,2,-1.704545455,-0.017045455
2/1/2013,2/28/2013,ITAÚ UNIBANCO PN ,ITUB4<XBSP>,2,2.140672783,0.021406728
2/1/2013,2/28/2013,COSAN ON ,CSAN3<XBSP>,2,-0.723404255,-0.007234043
2/1/2013,2/28/2013,BR MALLS PART. ON ,BRML3<XBSP>,2,-0.698215671,-0.006982157
2/1/2013,2/28/2013,BM&FBOVESPA ON ,B3SA3<XBSP>,2,-3.802008608,-0.038020086
2/1/2013,2/28/2013,CCR ON ,CCRO3<XBSP>,2,-3.406326034,-0.03406326
2/1/2013,2/28/2013,ANHANGUERA ON ,AEDU3<XBSP>,2,5.806451613,0.058064516
3/1/2013,3/31/2013,ITAÚ UNIBANCO PN ,ITUB4<XBSP>,4,3.788066245,0.037880662
3/1/2013,3/31/2013,CCR ON ,CCRO3<XBSP>,3,3.476070529,0.034760705
3/1/2013,3/31/2013,LOJAS RENNER ON ,LREN3<XBSP>,3,0.500227634,0.005002276
3/1/2013,3/31/2013,VALE PNA ,VALE5<XBSP>,3,-9.056087551,-0.090560876
3/1/2013,3/31/2013,KROTON ON ,COGN3<XBSP>,2,0.878652316,0.008786523
3/1/2013,3/31/2013,COSAN ON ,CSAN3<XBSP>,2,-2.828975568,-0.028289756
3/1/2013,3/31/2013,BM&FBOVESPA ON ,B3SA3<XBSP>,2,1.715137957,0.01715138
3/1/2013,3/31/2013,EVEN ON ,EVEN3<XBSP>,2,-2,-0.02
3/1/2013,3/31/2013,BR MALLS PART. ON ,BRML3<XBSP>,2,-1.71875,-0.0171875
3/1/2013,3/31/2013,BRADESCO PN ,BBDC4<XBSP>,1,6.38662778,0.063866278
4/1/2013,4/30/2013,ITAÚ UNIBANCO PN ,ITUB4<XBSP>,5,-6.490618485,-0.064906185
4/1/2013,4/30/2013,BM&FBOVESPA ON ,B3SA3<XBSP>,3,3.431478326,0.034314783
4/1/2013,4/30/2013,KROTON ON ,COGN3<XBSP>,3,8.143166074,0.081431661
4/1/2013,4/30/2013,RANDON PART. PN ,RAPT4<XBSP>,2,4.393968452,0.043939685
4/1/2013,4/30/2013,VALE PNA ,VALE5<XBSP>,2,0.950906948,0.009509069
4/1/2013,4/30/2013,EVEN ON ,EVEN3<XBSP>,2,-0.811545262,-0.008115453
4/1/2013,4/30/2013,LOJAS RENNER ON ,LREN3<XBSP>,2,2.981956987,0.02981957
4/1/2013,4/30/2013,ANHANGUERA ON ,AEDU3<XBSP>,2,10.42944785,0.104294479
4/1/2013,4/30/2013,BRADESCO PN ,BBDC4<XBSP>,1,-3.573049326,-0.035730493
4/1/2013,4/30/2013,PDG REALTY ON ,PDGR3<XBSP>,1,-26.36655949,-0.263665595
5/1/2013,5/31/2013,ITAÚ UNIBANCO PN ,ITUB4<XBSP>,6,5.992565056,0.059925651
5/1/2013,5/31/2013,KROTON ON ,COGN3<XBSP>,2,12.89420564,0.128942056
5/1/2013,5/31/2013,VALE PNA ,VALE5<XBSP>,2,-12.22426471,-0.122242647
5/1/2013,5/31/2013,PETROBRAS PN ,PETR4<XBSP>,2,-0.199104032,-0.00199104
5/1/2013,5/31/2013,COSAN ON ,CSAN3<XBSP>,2,-0.421052632,-0.004210526
5/1/2013,5/31/2013,BR MALLS PART. ON ,BRML3<XBSP>,2,-5.47660603,-0.05476606
5/1/2013,5/31/2013,BM&FBOVESPA ON ,B3SA3<XBSP>,2,1.924970694,0.019249707
5/1/2013,5/31/2013,CIELO ON ,CIEL3<XBSP>,2,3.617181613,0.036171816
5/1/2013,5/31/2013,BANCO DO BRASIL ON ,BBAS3<XBSP>,1,1.45254091,0.014525409
5/1/2013,5/31/2013,ITAÚSA PN ,ITSA4<XBSP>,1,4.624913619,0.046249136
6/1/2013,6/30/2013,ITAÚ UNIBANCO PN ,ITUB4<XBSP>,4,-11.16257527,-0.111625753
6/1/2013,6/30/2013,KROTON ON ,COGN3<XBSP>,2,-1.748807631,-0.017488076
6/1/2013,6/30/2013,PETROBRAS PN ,PETR4<XBSP>,2,-19.30174564,-0.193017456
6/1/2013,6/30/2013,VALE PNA ,VALE5<XBSP>,2,-5.584642234,-0.055846422
6/1/2013,6/30/2013,HYPERMARCAS ON ,HYPE3<XBSP>,2,-15.02923977,-0.150292398
6/1/2013,6/30/2013,SOUZA CRUZ ON ,CRUZ3<XBSP>,2,-5.720682632,-0.057206826
6/1/2013,6/30/2013,BRF ON ,BRFS3<XBSP>,2,-2.944711538,-0.029447115
6/1/2013,6/30/2013,BR PROPERTIES ON ,BRPR3<XBSP>,2,-9.566872918,-0.095668729
6/1/2013,6/30/2013,BM&FBOVESPA ON ,B3SA3<XBSP>,2,-12.02846975,-0.120284698
6/1/2013,6/30/2013,MINERVA ON ,BEEF3<XBSP>,2,-1.611374408,-0.016113744
7/1/2013,7/31/2013,GERDAU PN ,GGBR4<XBSP>,4,15.70182395,0.157018239
7/1/2013,7/31/2013,ITAÚ UNIBANCO PN ,ITUB4<XBSP>,4,1.338897583,0.013388976
7/1/2013,7/31/2013,KROTON ON ,COGN3<XBSP>,4,5.177993528,0.051779935
7/1/2013,7/31/2013,BRADESCO PN ,BBDC4<XBSP>,3,-3.750265646,-0.037502656
7/1/2013,7/31/2013,TRACTEBEL ON ,EGIE3<XBSP>,2,4.989904817,0.049899048
7/1/2013,7/31/2013,HYPERMARCAS ON ,HYPE3<XBSP>,2,13.62697866,0.136269787
7/1/2013,7/31/2013,SOUZA CRUZ ON ,CRUZ3<XBSP>,2,0.328587076,0.003285871
7/1/2013,7/31/2013,BB SEGURIDADE ON ,BBSE3<XBSP>,2,4.772727273,0.047727273
7/1/2013,7/31/2013,BRF ON ,BRFS3<XBSP>,2,1.170442431,0.011704424
7/1/2013,7/31/2013,BM&FBOVESPA ON ,B3SA3<XBSP>,2,-0.485436893,-0.004854369
8/1/2013,8/31/2013,KROTON ON ,COGN3<XBSP>,3,-1.266241744,-0.012662417
8/1/2013,8/31/2013,BB SEGURIDADE ON ,BBSE3<XBSP>,3,6.701637525,0.067016375
8/1/2013,8/31/2013,VALE PNA ,VALE5<XBSP>,3,10.47957371,0.104795737
8/1/2013,8/31/2013,BRF ON ,BRFS3<XBSP>,3,13.58024691,0.135802469
8/1/2013,8/31/2013,ITAÚ UNIBANCO PN ,ITUB4<XBSP>,3,0.540904034,0.00540904
8/1/2013,8/31/2013,SUZANO PAPEL PNA ,SUZB5<XBSP>,2,20.82262211,0.208226221
8/1/2013,8/31/2013,GERDAU PN ,GGBR4<XBSP>,2,18.07814812,0.180781481
8/1/2013,8/31/2013,BM&FBOVESPA ON ,B3SA3<XBSP>,2,-3.735699174,-0.037356992
8/1/2013,8/31/2013,CETIP ON ,CTIP3<XBSP>,2,1.739130435,0.017391304
8/1/2013,8/31/2013,HYPERMARCAS ON ,HYPE3<XBSP>,2,-1.635372502,-0.016353725
9/1/2013,9/30/2013,VALE PNA ,VALE5<XBSP>,5,1.414790997,0.01414791
9/1/2013,9/30/2013,BRF ON ,BRFS3<XBSP>,4,-2.173913044,-0.02173913
9/1/2013,9/30/2013,BB SEGURIDADE ON ,BBSE3<XBSP>,3,13.35758836,0.133575884
9/1/2013,9/30/2013,ULTRAPAR ON ,UGPA3<XBSP>,3,5.317919075,0.053179191
9/1/2013,9/30/2013,ITAÚ UNIBANCO PN ,ITUB4<XBSP>,3,8.538899431,0.085388994
9/1/2013,9/30/2013,KROTON ON ,COGN3<XBSP>,2,-1.53125,-0.0153125
9/1/2013,9/30/2013,CETIP ON ,CTIP3<XBSP>,2,0.640495627,0.006404956
9/1/2013,9/30/2013,CCR ON ,CCRO3<XBSP>,2,3.901319564,0.039013196
9/1/2013,9/30/2013,CEMIG PN ,CMIG4<XBSP>,2,3.440860215,0.034408602
9/1/2013,9/30/2013,HYPERMARCAS ON ,HYPE3<XBSP>,2,10.09852217,0.100985222
10/1/2013,10/31/2013,VALE PNA ,VALE5<XBSP>,4,7.209331369,0.072093314
10/1/2013,10/31/2013,ULTRAPAR ON ,UGPA3<XBSP>,3,9.220636663,0.092206367
10/1/2013,10/31/2013,CCR ON ,CCRO3<XBSP>,3,7.377521614,0.073775216
10/1/2013,10/31/2013,BRF ON ,BRFS3<XBSP>,3,-2.592592593,-0.025925926
10/1/2013,10/31/2013,BB SEGURIDADE ON ,BBSE3<XBSP>,3,12.19624026,0.121962403
10/1/2013,10/31/2013,SUZANO PAPEL PNA ,SUZB5<XBSP>,3,3.771428572,0.037714286
10/1/2013,10/31/2013,HYPERMARCAS ON ,HYPE3<XBSP>,2,9.340044743,0.093400447
10/1/2013,10/31/2013,ALL ON ,ALLL3<XBSP>,2,-8.447488584,-0.084474886
10/1/2013,10/31/2013,ITAÚ UNIBANCO PN ,ITUB4<XBSP>,2,10.03339164,0.100333916
10/1/2013,10/31/2013,KROTON ON ,COGN3<XBSP>,2,5.046017137,0.050460171
11/1/2013,11/30/2013,VALE PNA ,VALE5<XBSP>,6,-0.15225335,-0.001522533
11/1/2013,11/30/2013,BB SEGURIDADE ON ,BBSE3<XBSP>,4,3.800572129,0.038005721
11/1/2013,11/30/2013,ITAÚ UNIBANCO PN ,ITUB4<XBSP>,3,-4.698568744,-0.046985687
11/1/2013,11/30/2013,CCR ON ,CCRO3<XBSP>,3,-0.697799249,-0.006977992
11/1/2013,11/30/2013,TRACTEBEL ON ,EGIE3<XBSP>,2,1.35866306,0.013586631
11/1/2013,11/30/2013,ULTRAPAR ON ,UGPA3<XBSP>,2,-2.797319933,-0.027973199
11/1/2013,11/30/2013,CETIP ON ,CTIP3<XBSP>,2,2.657004831,0.026570048
11/1/2013,11/30/2013,COSAN ON ,CSAN3<XBSP>,2,-4.274265361,-0.042742654
11/1/2013,11/30/2013,BANCO DO BRASIL ON ,BBAS3<XBSP>,2,-13.32040157,-0.133204016
11/1/2013,11/30/2013,SUZANO PAPEL PNA ,SUZB5<XBSP>,2,-6.387665198,-0.063876652
12/1/2013,12/31/2013,BB SEGURIDADE ON ,BBSE3<XBSP>,5,-3.543307087,-0.035433071
12/1/2013,12/31/2013,VALE PNA ,VALE5<XBSP>,4,-0.182982617,-0.001829826
12/1/2013,12/31/2013,ESTÁCIO PART. ON ,YDUQ3<XBSP>,3,1.9990005,0.019990005
12/1/2013,12/31/2013,GERDAU PN ,GGBR4<XBSP>,3,1.888888889,0.018888889
12/1/2013,12/31/2013,COSAN ON ,CSAN3<XBSP>,2,-7.953488372,-0.079534884
12/1/2013,12/31/2013,TRACTEBEL ON ,EGIE3<XBSP>,2,-6.014644352,-0.060146444
12/1/2013,12/31/2013,KLABIN PN ,KLBN4<XBSP>,2,1.32231405,0.01322314
12/1/2013,12/31/2013,HYPERMARCAS ON ,HYPE3<XBSP>,2,-7.349081365,-0.073490814
12/1/2013,12/31/2013,AMBEV ON ,ABEV3<XBSP>,2,-1.366742597,-0.013667426
12/1/2013,12/31/2013,PETROBRAS PN ,PETR4<XBSP>,1,-10.66945607,-0.106694561
1/1/2014,1/31/2014,BB SEGURIDADE ON ,BBSE3<XBSP>,6,-7.346938776,-0.073469388
1/1/2014,1/31/2014,VALE PNA ,VALE5<XBSP>,6,-8.340971586,-0.083409716
1/1/2014,1/31/2014,GERDAU PN ,GGBR4<XBSP>,4,-6.488549618,-0.064885496
1/1/2014,1/31/2014,LOCALIZA ON ,RENT3<XBSP>,3,-8.130409134,-0.081304091
1/1/2014,1/31/2014,TUPY ON ,TUPY3<XBSP>,3,-5.666666667,-0.056666667
1/1/2014,1/31/2014,ESTÁCIO PART. ON ,YDUQ3<XBSP>,3,-8.329250368,-0.083292504
1/1/2014,1/31/2014,SUZANO PAPEL PNA ,SUZB5<XBSP>,3,3.03030303,0.03030303
1/1/2014,1/31/2014,ITAÚ UNIBANCO PN ,ITUB4<XBSP>,2,-3.366842189,-0.033668422
1/1/2014,1/31/2014,AMBEV ON ,ABEV3<XBSP>,2,-5.713278821,-0.057132788
1/1/2014,1/31/2014,PETROBRAS PN ,PETR4<XBSP>,2,-13.93442623,-0.139344262
2/1/2014,2/28/2014,SUZANO PAPEL PNA ,SUZB5<XBSP>,3,-6.722689076,-0.067226891
2/1/2014,2/28/2014,ULTRAPAR ON ,UGPA3<XBSP>,3,-0.818841415,-0.008188414
2/1/2014,2/28/2014,VALE PNA ,VALE5<XBSP>,3,-3.033333333,-0.030333333
2/1/2014,2/28/2014,PÃO DE AÇÚCAR PN ,PCAR4<XBSP>,3,5.877944325,0.058779443
2/1/2014,2/28/2014,KLABIN PN ,KLBN4<XBSP>,3,-5.996758509,-0.059967585
2/1/2014,2/28/2014,BB SEGURIDADE ON ,BBSE3<XBSP>,3,5.183305014,0.05183305
2/1/2014,2/28/2014,GERDAU PN ,GGBR4<XBSP>,3,-15.80174927,-0.158017493
2/1/2014,2/28/2014,ITAÚ UNIBANCO PN ,ITUB4<XBSP>,2,4.954956576,0.049549566
2/1/2014,2/28/2014,PETROBRAS PN ,PETR4<XBSP>,2,-7.551020408,-0.075510204
2/1/2014,2/28/2014,AMBEV ON ,ABEV3<XBSP>,2,4.909881914,0.049098819
3/1/2014,3/31/2014,ITAÚ UNIBANCO PN ,ITUB4<XBSP>,4,8.60163383,0.086016338
3/1/2014,3/31/2014,PÃO DE AÇÚCAR PN ,PCAR4<XBSP>,4,0.86965315,0.008696532
3/1/2014,3/31/2014,BB SEGURIDADE ON ,BBSE3<XBSP>,4,7.768240343,0.077682403
3/1/2014,3/31/2014,AMBEV ON ,ABEV3<XBSP>,4,0.414691943,0.004146919
3/1/2014,3/31/2014,ULTRAPAR ON ,UGPA3<XBSP>,3,5.292425695,0.052924257
3/1/2014,3/31/2014,VALE PNA ,VALE5<XBSP>,3,-2.543829495,-0.025438295
3/1/2014,3/31/2014,SUZANO PAPEL PNA ,SUZB5<XBSP>,3,-5.630630631,-0.056306306
3/1/2014,3/31/2014,CIELO ON ,CIEL3<XBSP>,2,15.99165053,0.159916505
3/1/2014,3/31/2014,BRF ON ,BRFS3<XBSP>,2,5.545200373,0.055452004
3/1/2014,3/31/2014,CCR ON ,CCRO3<XBSP>,2,8.333333334,0.083333333
4/1/2014,4/30/2014,BB SEGURIDADE ON ,BBSE3<XBSP>,5,4.062126643,0.040621266
4/1/2014,4/30/2014,PÃO DE AÇÚCAR PN ,PCAR4<XBSP>,4,6.352530414,0.063525304
4/1/2014,4/30/2014,VALE PNA ,VALE5<XBSP>,4,-3.940965221,-0.039409652
4/1/2014,4/30/2014,AMBEV ON ,ABEV3<XBSP>,4,-3.097675378,-0.030976754
4/1/2014,4/30/2014,ITAÚ UNIBANCO PN ,ITUB4<XBSP>,4,8.602626531,0.086026265
4/1/2014,4/30/2014,SUZANO PAPEL PNA ,SUZB5<XBSP>,3,-13.24582339,-0.132458234
4/1/2014,4/30/2014,BRF ON ,BRFS3<XBSP>,2,11.4790287,0.114790287
4/1/2014,4/30/2014,ULTRAPAR ON ,UGPA3<XBSP>,2,1.948643234,0.019486432
4/1/2014,4/30/2014,ESTÁCIO PART. ON ,YDUQ3<XBSP>,2,4.461942257,0.044619423
4/1/2014,4/30/2014,PETROBRAS PN ,PETR4<XBSP>,2,11.6930837,0.116930837
5/1/2014,5/31/2014,BB SEGURIDADE ON ,BBSE3<XBSP>,5,9.070034443,0.090700344
5/1/2014,5/31/2014,ITAÚ UNIBANCO PN ,ITUB4<XBSP>,3,-5.124371347,-0.051243713
5/1/2014,5/31/2014,AMBEV ON ,ABEV3<XBSP>,3,-2.699386503,-0.026993865
5/1/2014,5/31/2014,PETROBRAS PN ,PETR4<XBSP>,3,0.724200362,0.007242004
5/1/2014,5/31/2014,PÃO DE AÇÚCAR PN ,PCAR4<XBSP>,2,-3.381478904,-0.033814789
5/1/2014,5/31/2014,VALE PNA ,VALE5<XBSP>,2,-2.952308857,-0.029523089
5/1/2014,5/31/2014,CEMIG PN ,CMIG4<XBSP>,2,-3.217473748,-0.032174737
5/1/2014,5/31/2014,BRADESCO PN ,BBDC4<XBSP>,2,-5.907685304,-0.059076853
5/1/2014,5/31/2014,CIELO ON ,CIEL3<XBSP>,2,1.341772152,0.013417722
5/1/2014,5/31/2014,KROTON ON ,COGN3<XBSP>,2,19.59210466,0.195921047
6/1/2014,6/30/2014,AMBEV ON ,ABEV3<XBSP>,5,-0.630517024,-0.00630517
6/1/2014,6/30/2014,CIELO ON ,CIEL3<XBSP>,5,13.66475144,0.136647514
6/1/2014,6/30/2014,ESTÁCIO PART. ON ,YDUQ3<XBSP>,5,8.776496839,0.087764968
6/1/2014,6/30/2014,BB SEGURIDADE ON ,BBSE3<XBSP>,5,13.8245614,0.138245614
6/1/2014,6/30/2014,PÃO DE AÇÚCAR PN ,PCAR4<XBSP>,4,1.168958743,0.011689587
6/1/2014,6/30/2014,ULTRAPAR ON ,UGPA3<XBSP>,2,-2.321262767,-0.023212628
6/1/2014,6/30/2014,SUZANO PAPEL PNA ,SUZB5<XBSP>,2,3.965303593,0.039653036
6/1/2014,6/30/2014,PETROBRAS PN ,PETR4<XBSP>,2,3.594967046,0.03594967
6/1/2014,6/30/2014,BRADESCO PN ,BBDC4<XBSP>,2,3.378030346,0.033780303
6/1/2014,6/30/2014,ITAÚ UNIBANCO PN ,ITUB4<XBSP>,2,0.80837036,0.008083704
7/1/2014,7/31/2014,PÃO DE AÇÚCAR PN ,PCAR4<XBSP>,5,6.321002039,0.06321002
7/1/2014,7/31/2014,CIELO ON ,CIEL3<XBSP>,4,-8.791208791,-0.087912088
7/1/2014,7/31/2014,ESTÁCIO PART. ON ,YDUQ3<XBSP>,4,-3.760683761,-0.037606838
7/1/2014,7/31/2014,BB SEGURIDADE ON ,BBSE3<XBSP>,4,2.034525278,0.020345253
7/1/2014,7/31/2014,VALID ON ,VLID3<XBSP>,3,-2.522074417,-0.025220744
7/1/2014,7/31/2014,PETROBRAS PN ,PETR4<XBSP>,2,10.46847889,0.104684789
7/1/2014,7/31/2014,VALE PNA ,VALE5<XBSP>,2,10.55028463,0.105502846
7/1/2014,7/31/2014,BRADESCO PN ,BBDC4<XBSP>,2,8.05730932,0.080573093
7/1/2014,7/31/2014,AMBEV ON ,ABEV3<XBSP>,2,0.404923546,0.004049235
7/1/2014,7/31/2014,ITAÚ UNIBANCO PN ,ITUB4<XBSP>,2,9.841965264,0.098419653
8/1/2014,8/31/2014,ESTÁCIO PART. ON ,YDUQ3<XBSP>,4,5.612788632,0.056127886
8/1/2014,8/31/2014,ITAÚ UNIBANCO PN ,ITUB4<XBSP>,4,16.11716844,0.161171684
8/1/2014,8/31/2014,PETROBRAS PN ,PETR4<XBSP>,4,22.2513089,0.222513089
8/1/2014,8/31/2014,VALE PNA ,VALE5<XBSP>,4,-10.8479231,-0.108479231
8/1/2014,8/31/2014,KROTON ON ,COGN3<XBSP>,4,10.97318769,0.109731877
8/1/2014,8/31/2014,BB SEGURIDADE ON ,BBSE3<XBSP>,4,9.882616465,0.098826165
8/1/2014,8/31/2014,BRF ON ,BRFS3<XBSP>,3,7.927927928,0.079279279
8/1/2014,8/31/2014,CETIP ON ,CTIP3<XBSP>,2,3.561188803,0.035611888
8/1/2014,8/31/2014,CIELO ON ,CIEL3<XBSP>,2,1.108433735,0.011084337
8/1/2014,8/31/2014,BRADESCO PN ,BBDC4<XBSP>,2,18.07050733,0.180705073
9/1/2014,9/30/2014,ITAÚ UNIBANCO PN ,ITUB4<XBSP>,4,-16.04907671,-0.160490767
9/1/2014,9/30/2014,BRF ON ,BRFS3<XBSP>,4,-2.771285476,-0.027712855
9/1/2014,9/30/2014,BB SEGURIDADE ON ,BBSE3<XBSP>,4,-9.904868495,-0.099048685
9/1/2014,9/30/2014,ESTÁCIO PART. ON ,YDUQ3<XBSP>,3,-14.42986882,-0.144298688
9/1/2014,9/30/2014,VALE PNA ,VALE5<XBSP>,3,-8.432807085,-0.084328071
9/1/2014,9/30/2014,PETROBRAS PN ,PETR4<XBSP>,3,-22.5267666,-0.225267666
9/1/2014,9/30/2014,PETROBRAS ON ,PETR3<XBSP>,2,-22.08672087,-0.220867209
9/1/2014,9/30/2014,COSAN ON ,CSAN3<XBSP>,2,-15.39784946,-0.153978495
9/1/2014,9/30/2014,BM&FBOVESPA ON ,B3SA3<XBSP>,2,-17.11111111,-0.171111111
9/1/2014,9/30/2014,BRADESCO PN ,BBDC4<XBSP>,2,-14.64810142,-0.146481014
10/1/2014,10/31/2014,PETROBRAS PN ,PETR4<XBSP>,5,-15.53344389,-0.155334439
10/1/2014,10/31/2014,BB SEGURIDADE ON ,BBSE3<XBSP>,5,2.670807453,0.026708075
10/1/2014,10/31/2014,ITAÚ UNIBANCO PN ,ITUB4<XBSP>,4,8.551174125,0.085511741
10/1/2014,10/31/2014,ESTÁCIO PART. ON ,YDUQ3<XBSP>,4,12.81446541,0.128144654
10/1/2014,10/31/2014,BRF ON ,BRFS3<XBSP>,4,10.73145604,0.10731456
10/1/2014,10/31/2014,CIELO ON ,CIEL3<XBSP>,4,1.725,0.01725
10/1/2014,10/31/2014,BRADESCO PN ,BBDC4<XBSP>,3,7.18430706,0.071843071
10/1/2014,10/31/2014,VALE PNA ,VALE5<XBSP>,2,-5.461402973,-0.05461403
10/1/2014,10/31/2014,KROTON ON ,COGN3<XBSP>,2,14.82444733,0.148244473
10/1/2014,10/31/2014,SUZANO PAPEL PNA ,SUZB5<XBSP>,2,6.300813008,0.06300813
11/1/2014,11/30/2014,PETROBRAS PN ,PETR4<XBSP>,6,-16.23036649,-0.162303665
11/1/2014,11/30/2014,BB SEGURIDADE ON ,BBSE3<XBSP>,6,1.542649728,0.015426497
11/1/2014,11/30/2014,ITAÚ UNIBANCO PN ,ITUB4<XBSP>,6,5.076902137,0.050769021
11/1/2014,11/30/2014,ESTÁCIO PART. ON ,YDUQ3<XBSP>,4,-2.822299652,-0.028222997
11/1/2014,11/30/2014,BRF ON ,BRFS3<XBSP>,4,2.961699488,0.029616995
11/1/2014,11/30/2014,BRADESCO PN ,BBDC4<XBSP>,3,6.061705618,0.060617056
11/1/2014,11/30/2014,KROTON ON ,COGN3<XBSP>,3,1.528878822,0.015288788
11/1/2014,11/30/2014,SUZANO PAPEL PNA ,SUZB5<XBSP>,2,4.015296367,0.040152964
11/1/2014,11/30/2014,CIELO ON ,CIEL3<XBSP>,2,8.01179651,0.080117965
11/1/2014,11/30/2014,PÃO DE AÇÚCAR PN ,PCAR4<XBSP>,2,4.566490902,0.045664909
12/1/2014,12/31/2014,ITAÚ UNIBANCO PN ,ITUB4<XBSP>,6,-10.32784761,-0.103278476
12/1/2014,12/31/2014,BB SEGURIDADE ON ,BBSE3<XBSP>,6,-4.200178731,-0.042001787
12/1/2014,12/31/2014,ESTÁCIO PART. ON ,YDUQ3<XBSP>,4,-14.5930441,-0.145930441
12/1/2014,12/31/2014,BRADESCO PN ,BBDC4<XBSP>,4,-9.692689299,-0.096926893
12/1/2014,12/31/2014,CIELO ON ,CIEL3<XBSP>,4,-5.187713311,-0.051877133
12/1/2014,12/31/2014,BRF ON ,BRFS3<XBSP>,4,-4.457831325,-0.044578313
12/1/2014,12/31/2014,KROTON ON ,COGN3<XBSP>,3,-13.55270496,-0.13552705
12/1/2014,12/31/2014,PETROBRAS PN ,PETR4<XBSP>,2,-21.71875,-0.2171875
12/1/2014,12/31/2014,EMBRAER ON ,EMBR3<XBSP>,2,3.924665185,0.039246652
12/1/2014,12/31/2014,PÃO DE AÇÚCAR PN ,PCAR4<XBSP>,2,-9.096774194,-0.090967742
1/1/2015,1/31/2015,ITAÚ UNIBANCO PN ,ITUB4<XBSP>,6,-4.872054359,-0.048720544
1/1/2015,1/31/2015,CIELO ON ,CIEL3<XBSP>,5,-4.007679386,-0.040076794
1/1/2015,1/31/2015,EMBRAER ON ,EMBR3<XBSP>,4,-2.86415712,-0.028641571
1/1/2015,1/31/2015,BB SEGURIDADE ON ,BBSE3<XBSP>,4,-8.582089552,-0.085820896
1/1/2015,1/31/2015,PÃO DE AÇÚCAR PN ,PCAR4<XBSP>,3,-9.662374531,-0.096623745
1/1/2015,1/31/2015,BRF ON ,BRFS3<XBSP>,3,2.343411622,0.023434116
1/1/2015,1/31/2015,FIBRIA ON ,FIBR3<XBSP>,3,-0.645955091,-0.006459551
1/1/2015,1/31/2015,SUZANO PAPEL PNA ,SUZB5<XBSP>,2,-3.377777778,-0.033777778
1/1/2015,1/31/2015,BRADESCO PN ,BBDC4<XBSP>,2,-3.735401905,-0.037354019
1/1/2015,1/31/2015,ESTACIO PART. ON ,YDUQ3<XBSP>,2,-29.93282956,-0.299328296
2/1/2015,2/28/2015,ITAÚ UNIBANCO PN ,ITUB4<XBSP>,9,13.74455966,0.137445597
2/1/2015,2/28/2015,BRF ON ,BRFS3<XBSP>,6,0.077663871,0.000776639
2/1/2015,2/28/2015,BB SEGURIDADE ON ,BBSE3<XBSP>,4,13.19401279,0.131940128
2/1/2015,2/28/2015,EMBRAER ON ,EMBR3<XBSP>,4,4.886267902,0.048862679
2/1/2015,2/28/2015,CIELO ON ,CIEL3<XBSP>,3,11.775,0.11775
2/1/2015,2/28/2015,SUZANO PAPEL PNA ,SUZB5<XBSP>,3,10.9475621,0.109475621
2/1/2015,2/28/2015,KLABIN UNIT ,KLBN11<XBSP>,2,16.87363039,0.168736304
2/1/2015,2/28/2015,CETIP ON ,CTIP3<XBSP>,2,-0.145137881,-0.001451379
2/1/2015,2/28/2015,BRADESCO PN ,BBDC4<XBSP>,2,12.02921356,0.120292136
2/1/2015,2/28/2015,FIBRIA ON ,FIBR3<XBSP>,2,14.11764706,0.141176471
3/1/2015,3/31/2015,ITAÚ UNIBANCO PN ,ITUB4<XBSP>,7,-3.220501576,-0.032205016
3/1/2015,3/31/2015,BB SEGURIDADE ON ,BBSE3<XBSP>,6,1.234567901,0.012345679
3/1/2015,3/31/2015,BRF ON ,BRFS3<XBSP>,4,-1.753841378,-0.017538414
3/1/2015,3/31/2015,SUZANO PAPEL PNA ,SUZB5<XBSP>,4,22.63681592,0.226368159
3/1/2015,3/31/2015,RAIA DROGASIL ON ,RADL3<XBSP>,4,0.870035296,0.008700353
3/1/2015,3/31/2015,LOJAS AMERICANAS PN ,LAME4<XBSP>,3,-1.115647732,-0.011156477
3/1/2015,3/31/2015,CIELO ON ,CIEL3<XBSP>,3,3.346036317,0.033460363
3/1/2015,3/31/2015,KLABIN UNIT ,KLBN11<XBSP>,2,14.4784756,0.144784756
3/1/2015,3/31/2015,CETIP ON ,CTIP3<XBSP>,2,-7.158064285,-0.071580643
3/1/2015,3/31/2015,PÃO DE AÇÚCAR PN ,PCAR4<XBSP>,2,-1.44107051,-0.014410705
4/1/2015,4/30/2015,ITAÚ UNIBANCO PN ,ITUB4<XBSP>,6,9.165604193,0.091656042
4/1/2015,4/30/2015,BB SEGURIDADE ON ,BBSE3<XBSP>,5,7.469512195,0.074695122
4/1/2015,4/30/2015,RAIA DROGASIL ON ,RADL3<XBSP>,5,19.41340782,0.194134078
4/1/2015,4/30/2015,SUZANO PAPEL PNA ,SUZB5<XBSP>,4,2.096010818,0.020960108
4/1/2015,4/30/2015,CIELO ON ,CIEL3<XBSP>,4,10.15101773,0.101510177
4/1/2015,4/30/2015,KLABIN UNIT ,KLBN11<XBSP>,3,1.538461538,0.015384615
4/1/2015,4/30/2015,M. DIAS BRANCO ON ,MDIA3<XBSP>,2,0.499361282,0.004993613
4/1/2015,4/30/2015,CETIP ON ,CTIP3<XBSP>,2,9.842714461,0.098427145
4/1/2015,4/30/2015,BRF ON ,BRFS3<XBSP>,2,1.737756714,0.017377567
4/1/2015,4/30/2015,CPFL ENERGIA ON ,CPFE3<XBSP>,2,0.218715995,0.00218716
5/1/2015,5/31/2015,ITAÚ UNIBANCO PN ,ITUB4<XBSP>,8,-10.8658964,-0.108658964
5/1/2015,5/31/2015,CIELO ON ,CIEL3<XBSP>,7,-4.625655699,-0.046256557
5/1/2015,5/31/2015,SUZANO PAPEL PNA ,SUZB5<XBSP>,6,11.51327797,0.11513278
5/1/2015,5/31/2015,BB SEGURIDADE ON ,BBSE3<XBSP>,5,-5.390070922,-0.053900709
5/1/2015,5/31/2015,CETIP ON ,CTIP3<XBSP>,4,-2.840751667,-0.028407517
5/1/2015,5/31/2015,BRADESCO PN ,BBDC4<XBSP>,2,-12.23079377,-0.122307938
5/1/2015,5/31/2015,QUALICORP ON ,QUAL3<XBSP>,2,-22.04992662,-0.220499266
5/1/2015,5/31/2015,KLABIN UNIT ,KLBN11<XBSP>,2,2.813852814,0.028138528
5/1/2015,5/31/2015,AMBEV ON ,ABEV3<XBSP>,2,-2.851108765,-0.028511088
5/1/2015,5/31/2015,EMBRAER ON ,EMBR3<XBSP>,2,1.531914894,0.015319149
6/1/2015,6/30/2015,ITAÚ UNIBANCO PN ,ITUB4<XBSP>,7,-0.27684686,-0.002768469
6/1/2015,6/30/2015,BB SEGURIDADE ON ,BBSE3<XBSP>,6,2.248875562,0.022488756
6/1/2015,6/30/2015,SUZANO PAPEL PNA ,SUZB5<XBSP>,6,-0.839328537,-0.008393285
6/1/2015,6/30/2015,CIELO ON ,CIEL3<XBSP>,4,9.55,0.0955
6/1/2015,6/30/2015,M. DIAS BRANCO ON ,MDIA3<XBSP>,2,-4.761904762,-0.047619048
6/1/2015,6/30/2015,QUALICORP ON ,QUAL3<XBSP>,2,3.736842105,0.037368421
6/1/2015,6/30/2015,EQUATORIAL ON ,EQTL3<XBSP>,2,4.084048535,0.040840485
6/1/2015,6/30/2015,CETIP ON ,CTIP3<XBSP>,2,2.703889875,0.027038899
6/1/2015,6/30/2015,AMBEV ON ,ABEV3<XBSP>,2,4.367583571,0.043675836
6/1/2015,6/30/2015,KLABIN UNIT ,KLBN11<XBSP>,2,0.473684211,0.004736842
7/1/2015,7/31/2015,BB SEGURIDADE ON ,BBSE3<XBSP>,6,-5.425219941,-0.054252199
7/1/2015,7/31/2015,CIELO ON ,CIEL3<XBSP>,5,-0.205385669,-0.002053857
7/1/2015,7/31/2015,ITAÚ UNIBANCO PN ,ITUB4<XBSP>,5,-3.265604444,-0.032656044
7/1/2015,7/31/2015,CETIP ON ,CTIP3<XBSP>,4,4.049295775,0.040492958
7/1/2015,7/31/2015,KLABIN UNIT ,KLBN11<XBSP>,3,12.21769588,0.122176959
7/1/2015,7/31/2015,SUZANO PAPEL PNA ,SUZB5<XBSP>,3,1.511487304,0.015114873
7/1/2015,7/31/2015,VALID ON ,VLID3<XBSP>,2,3.862655875,0.038626559
7/1/2015,7/31/2015,EQUATORIAL ON ,EQTL3<XBSP>,2,-0.483366505,-0.004833665
7/1/2015,7/31/2015,AMBEV ON ,ABEV3<XBSP>,2,1.884816754,0.018848168
7/1/2015,7/31/2015,KROTON ON ,COGN3<XBSP>,2,-19.25988225,-0.192598823
8/1/2015,8/31/2015,BB SEGURIDADE ON ,BBSE3<XBSP>,6,-8.417208547,-0.084172085
8/1/2015,8/31/2015,SUZANO PAPEL PNA ,SUZB5<XBSP>,5,4.705181656,0.047051817
8/1/2015,8/31/2015,ITAÚ UNIBANCO PN ,ITUB4<XBSP>,5,-10.57350424,-0.105735042
8/1/2015,8/31/2015,VALID ON ,VLID3<XBSP>,5,-5.533199195,-0.055331992
8/1/2015,8/31/2015,CETIP ON ,CTIP3<XBSP>,4,-6.917498395,-0.069174984
8/1/2015,8/31/2015,CIELO ON ,CIEL3<XBSP>,4,-12.30276698,-0.12302767
8/1/2015,8/31/2015,KLABIN UNIT ,KLBN11<XBSP>,3,-4.569006123,-0.045690061
8/1/2015,8/31/2015,AMBEV ON ,ABEV3<XBSP>,2,-1.901336074,-0.019013361
8/1/2015,8/31/2015,KROTON ON ,COGN3<XBSP>,2,-8.976576125,-0.089765761
8/1/2015,8/31/2015,EQUATORIAL ON ,EQTL3<XBSP>,1,1,0.01
9/1/2015,9/30/2015,SUZANO PAPEL PNA ,SUZB5<XBSP>,6,9.726962457,0.097269625
9/1/2015,9/30/2015,CIELO ON ,CIEL3<XBSP>,5,-3.680534407,-0.036805344
9/1/2015,9/30/2015,VALID ON ,VLID3<XBSP>,5,-2.534611289,-0.025346113
9/1/2015,9/30/2015,ITAÚ UNIBANCO PN ,ITUB4<XBSP>,4,-0.094215187,-0.000942152
9/1/2015,9/30/2015,BB SEGURIDADE ON ,BBSE3<XBSP>,4,-13.55400697,-0.13554007
9/1/2015,9/30/2015,KLABIN UNIT ,KLBN11<XBSP>,3,7.996051333,0.079960513
9/1/2015,9/30/2015,FIBRIA ON ,FIBR3<XBSP>,3,5.037094885,0.050370949
9/1/2015,9/30/2015,BRF ON ,BRFS3<XBSP>,3,1.539125432,0.015391254
9/1/2015,9/30/2015,AMBEV ON ,ABEV3<XBSP>,3,2.512790337,0.025127903
9/1/2015,9/30/2015,KROTON ON ,COGN3<XBSP>,2,-11.17511521,-0.111751152
10/1/2015,10/31/2015,VALID ON ,VLID3<XBSP>,5,-4.30506993,-0.043050699
10/1/2015,10/31/2015,ITAÚ UNIBANCO PN ,ITUB4<XBSP>,4,-0.094357426,-0.000943574
10/1/2015,10/31/2015,SUZANO PAPEL PNA ,SUZB5<XBSP>,4,-14.20425091,-0.142042509
10/1/2015,10/31/2015,CIELO ON ,CIEL3<XBSP>,4,-0.136388434,-0.001363884
10/1/2015,10/31/2015,BB SEGURIDADE ON ,BBSE3<XBSP>,4,7.214832729,0.072148327
10/1/2015,10/31/2015,KROTON ON ,COGN3<XBSP>,3,27.88586252,0.278858625
10/1/2015,10/31/2015,FIBRIA ON ,FIBR3<XBSP>,3,-2.156133829,-0.021561338
10/1/2015,10/31/2015,BRF ON ,BRFS3<XBSP>,3,-14.86046182,-0.148604618
10/1/2015,10/31/2015,AMBEV ON ,ABEV3<XBSP>,3,-1.699279094,-0.016992791
10/1/2015,10/31/2015,KLABIN UNIT ,KLBN11<XBSP>,3,0.738783307,0.007387833
11/1/2015,11/30/2015,ITAÚ UNIBANCO PN ,ITUB4<XBSP>,4,5.046305046,0.05046305
11/1/2015,11/30/2015,VALID ON ,VLID3<XBSP>,4,-1.103789781,-0.011037898
11/1/2015,11/30/2015,AMBEV ON ,ABEV3<XBSP>,4,-2.357255107,-0.023572551
11/1/2015,11/30/2015,CETIP ON ,CTIP3<XBSP>,4,8.870877358,0.088708774
11/1/2015,11/30/2015,BB SEGURIDADE ON ,BBSE3<XBSP>,4,-2.368421053,-0.023684211
11/1/2015,11/30/2015,CIELO ON ,CIEL3<XBSP>,3,-4.097241191,-0.040972412
11/1/2015,11/30/2015,SUZANO PAPEL PNA ,SUZB5<XBSP>,3,15.5273918,0.155273918
11/1/2015,11/30/2015,HYPERMARCAS ON ,HYPE3<XBSP>,2,28,0.28
11/1/2015,11/30/2015,KLABIN UNIT ,KLBN11<XBSP>,2,8.207934337,0.082079343
11/1/2015,11/30/2015,RAIA DROGASIL ON ,RADL3<XBSP>,2,-0.850212553,-0.008502126
12/1/2015,12/31/2015,FIBRIA ON ,FIBR3<XBSP>,4,-3.221393905,-0.032213939
12/1/2015,12/31/2015,WEG ON ,WEGE3<XBSP>,4,-1.267607768,-0.012676078
12/1/2015,12/31/2015,BB SEGURIDADE ON ,BBSE3<XBSP>,4,-6.314978822,-0.063149788
12/1/2015,12/31/2015,RAIA DROGASIL ON ,RADL3<XBSP>,3,-10.22026,-0.1022026
12/1/2015,12/31/2015,VALID ON ,VLID3<XBSP>,3,-0.646969915,-0.006469699
12/1/2015,12/31/2015,ITAÚ UNIBANCO PN ,ITUB4<XBSP>,3,-4.517931839,-0.045179318
12/1/2015,12/31/2015,EMBRAER ON ,EMBR3<XBSP>,3,-0.551798276,-0.005517983
12/1/2015,12/31/2015,CIELO ON ,CIEL3<XBSP>,3,-4.329250926,-0.043292509
12/1/2015,12/31/2015,CETIP ON ,CTIP3<XBSP>,3,2.169527416,0.021695274
12/1/2015,12/31/2015,AMBEV ON ,ABEV3<XBSP>,3,-3.433476395,-0.034334764
1/1/2016,1/31/2016,BB SEGURIDADE ON ,BBSE3<XBSP>,5,-4.932182491,-0.049321825
1/1/2016,1/31/2016,ITAÚ UNIBANCO PN ,ITUB4<XBSP>,4,-5.187155615,-0.051871556
1/1/2016,1/31/2016,CETIP ON ,CTIP3<XBSP>,4,1.973333333,0.019733333
1/1/2016,1/31/2016,VALID ON ,VLID3<XBSP>,3,-6.164705882,-0.061647059
1/1/2016,1/31/2016,CIELO ON ,CIEL3<XBSP>,3,0.833581423,0.008335814
1/1/2016,1/31/2016,KROTON ON ,COGN3<XBSP>,3,-10.80797482,-0.108079748
1/1/2016,1/31/2016,SUZANO PAPEL PNA ,SUZB5<XBSP>,2,-14.66024612,-0.146602461
1/1/2016,1/31/2016,FIBRIA ON ,FIBR3<XBSP>,2,-15.08961264,-0.150896126
1/1/2016,1/31/2016,BRF ON ,BRFS3<XBSP>,2,-11.8324113,-0.118324113
1/1/2016,1/31/2016,ITAUSA PN ,ITSA4<XBSP>,2,0,0
2/1/2016,2/29/2016,BB SEGURIDADE ON ,BBSE3<XBSP>,6,7.871801547,0.078718015
2/1/2016,2/29/2016,ITAÚ UNIBANCO PN ,ITUB4<XBSP>,4,4.644030988,0.04644031
2/1/2016,2/29/2016,CETIP ON ,CTIP3<XBSP>,4,-0.889121339,-0.008891213
2/1/2016,2/29/2016,WEG ON ,WEGE3<XBSP>,3,-14.20276337,-0.142027634
2/1/2016,2/29/2016,KLABIN UNIT ,KLBN11<XBSP>,3,3.052949159,0.030529492
2/1/2016,2/29/2016,BRF ON ,BRFS3<XBSP>,3,6.572672611,0.065726726
2/1/2016,2/29/2016,AMBEV ON ,ABEV3<XBSP>,2,-4.803022126,-0.048030221
2/1/2016,2/29/2016,ULTRAPAR ON ,UGPA3<XBSP>,2,7.220099678,0.072200997
2/1/2016,2/29/2016,ITAUSA PN ,ITSA4<XBSP>,2,1.905480647,0.019054806
2/1/2016,2/29/2016,CIELO ON ,CIEL3<XBSP>,2,-8.444050782,-0.084440508
3/1/2016,3/31/2016,BB SEGURIDADE ON ,BBSE3<XBSP>,8,23.13432836,0.231343284
3/1/2016,3/31/2016,KLABIN UNIT ,KLBN11<XBSP>,4,-9.906976744,-0.099069767
3/1/2016,3/31/2016,ULTRAPAR ON ,UGPA3<XBSP>,4,11.04216388,0.110421639
3/1/2016,3/31/2016,ITAÚ UNIBANCO PN ,ITUB4<XBSP>,4,22.94662202,0.22946622
3/1/2016,3/31/2016,SÃO MARTINHO ON ,SMTO3<XBSP>,3,-0.984211606,-0.009842116
3/1/2016,3/31/2016,TELEFÔNICA BRASIL PN ,VIVT4<XBSP>,2,18.80932132,0.188093213
3/1/2016,3/31/2016,BRF ON ,BRFS3<XBSP>,2,0.051572023,0.00051572
3/1/2016,3/31/2016,SUZANO PAPEL PNA ,SUZB5<XBSP>,2,-23.27272727,-0.232727273
3/1/2016,3/31/2016,ITAUSA PN ,ITSA4<XBSP>,2,20.05878031,0.200587803
3/1/2016,3/31/2016,FIBRIA ON ,FIBR3<XBSP>,2,-31.04545455,-0.310454545
4/1/2016,4/30/2016,BB SEGURIDADE ON ,BBSE3<XBSP>,6,1.01010101,0.01010101
4/1/2016,4/30/2016,ITAÚ UNIBANCO PN ,ITUB4<XBSP>,6,5.369450233,0.053694502
4/1/2016,4/30/2016,LOJAS RENNER ON ,LREN3<XBSP>,3,0.803050135,0.008030501
4/1/2016,4/30/2016,CCR ON ,CCRO3<XBSP>,3,15.32430506,0.153243051
4/1/2016,4/30/2016,KROTON ON ,COGN3<XBSP>,2,11.49825784,0.114982578
4/1/2016,4/30/2016,ULTRAPAR ON ,UGPA3<XBSP>,2,3.768448202,0.037684482
4/1/2016,4/30/2016,CIELO ON ,CIEL3<XBSP>,2,14.95567629,0.149556763
4/1/2016,4/30/2016,BRF ON ,BRFS3<XBSP>,2,-4.112258819,-0.041122588
4/1/2016,4/30/2016,AMBEV ON ,ABEV3<XBSP>,2,3.02869288,0.030286929
4/1/2016,4/30/2016,EQUATORIAL ON ,EQTL3<XBSP>,2,5.5608618,0.055608618
5/1/2016,5/31/2016,ITAÚ UNIBANCO PN ,ITUB4<XBSP>,5,-11.58119008,-0.115811901
5/1/2016,5/31/2016,BB SEGURIDADE ON ,BBSE3<XBSP>,4,-9.133333333,-0.091333333
5/1/2016,5/31/2016,LOJAS RENNER ON ,LREN3<XBSP>,3,0.625902744,0.006259027
5/1/2016,5/31/2016,HYPERMARCAS ON ,HYPE3<XBSP>,3,-5.420187802,-0.054201878
5/1/2016,5/31/2016,RAIA DROGASIL ON ,RADL3<XBSP>,2,4.905523256,0.049055233
5/1/2016,5/31/2016,LOCALIZA ON ,RENT3<XBSP>,2,0.772855649,0.007728556
5/1/2016,5/31/2016,PÃO DE AÇÚCAR PN ,PCAR4<XBSP>,2,-20.07508398,-0.20075084
5/1/2016,5/31/2016,BM&FBOVESPA ON ,B3SA3<XBSP>,2,-6.789339985,-0.0678934
5/1/2016,5/31/2016,CCR ON ,CCRO3<XBSP>,2,-5.747836836,-0.057478368
5/1/2016,5/31/2016,CIELO ON ,CIEL3<XBSP>,2,-5.223880597,-0.052238806
6/1/2016,6/30/2016,AMBEV ON ,ABEV3<XBSP>,4,-0.313971743,-0.003139717
6/1/2016,6/30/2016,ITAÚ UNIBANCO PN ,ITUB4<XBSP>,4,4.356810746,0.043568107
6/1/2016,6/30/2016,BB SEGURIDADE ON ,BBSE3<XBSP>,4,3.11812179,0.031181218
6/1/2016,6/30/2016,RAIA DROGASIL ON ,RADL3<XBSP>,3,9.61876932,0.096187693
6/1/2016,6/30/2016,LOJAS RENNER ON ,LREN3<XBSP>,3,13.66467351,0.136646735
6/1/2016,6/30/2016,EQUATORIAL ON ,EQTL3<XBSP>,3,6.688596491,0.066885965
6/1/2016,6/30/2016,ULTRAPAR ON ,UGPA3<XBSP>,2,4.19047619,0.041904762
6/1/2016,6/30/2016,SUZANO PAPEL PNA ,SUZB5<XBSP>,2,-22.7148704,-0.227148704
6/1/2016,6/30/2016,FIBRIA ON ,FIBR3<XBSP>,2,-35.53892216,-0.355389222
6/1/2016,6/30/2016,BRADESCO PN ,BBDC4<XBSP>,2,11.37951503,0.11379515
7/1/2016,7/31/2016,BB SEGURIDADE ON ,BBSE3<XBSP>,5,7.221629314,0.072216293
7/1/2016,7/31/2016,ULTRAPAR ON ,UGPA3<XBSP>,4,4.120376881,0.041203769
7/1/2016,7/31/2016,CIELO ON ,CIEL3<XBSP>,4,8.535144714,0.085351447
7/1/2016,7/31/2016,ITAÚ UNIBANCO PN ,ITUB4<XBSP>,3,11.57338616,0.115733862
7/1/2016,7/31/2016,AMBEV ON ,ABEV3<XBSP>,3,-0.646565521,-0.006465655
7/1/2016,7/31/2016,RUMO LOG. ON ,RUMO3<XBSP>,3,24.89795918,0.248979592
7/1/2016,7/31/2016,BR MALLS PART. ON ,BRML3<XBSP>,2,9.416342412,0.094163424
7/1/2016,7/31/2016,LOJAS RENNER ON ,LREN3<XBSP>,2,15.06964964,0.150696496
7/1/2016,7/31/2016,BM&FBOVESPA ON ,B3SA3<XBSP>,2,6.055555556,0.060555556
7/1/2016,7/31/2016,RAIA DROGASIL ON ,RADL3<XBSP>,2,4.973075705,0.049730757
8/1/2016,8/31/2016,BB SEGURIDADE ON ,BBSE3<XBSP>,5,-0.584631733,-0.005846317
8/1/2016,8/31/2016,ITAÚ UNIBANCO PN ,ITUB4<XBSP>,4,7.335215335,0.073352153
8/1/2016,8/31/2016,CIELO ON ,CIEL3<XBSP>,3,-8.598639456,-0.085986395
8/1/2016,8/31/2016,RUMO LOG. ON ,RUMO3<XBSP>,3,17.64705882,0.176470588
8/1/2016,8/31/2016,VALE PNA ,VALE5<XBSP>,2,-3.597601599,-0.035976016
8/1/2016,8/31/2016,ULTRAPAR ON ,UGPA3<XBSP>,2,1.554491743,0.015544917
8/1/2016,8/31/2016,GERDAU PN ,GGBR4<XBSP>,2,17.52590015,0.175259001
8/1/2016,8/31/2016,BRF ON ,BRFS3<XBSP>,2,-0.828729282,-0.008287293
8/1/2016,8/31/2016,BANCO DO BRASIL ON ,BBAS3<XBSP>,2,10.9548214,0.109548214
8/1/2016,8/31/2016,PETROBRAS PN ,PETR4<XBSP>,2,8.256107835,0.082561078
9/1/2016,9/30/2016,PETROBRAS PN ,PETR4<XBSP>,6,5.60311284,0.056031128
9/1/2016,9/30/2016,CIELO ON ,CIEL3<XBSP>,4,-2.415067548,-0.024150675
9/1/2016,9/30/2016,ITAÚ UNIBANCO PN ,ITUB4<XBSP>,4,-0.879028882,-0.008790289
9/1/2016,9/30/2016,BB SEGURIDADE ON ,BBSE3<XBSP>,4,2.504288165,0.025042882
9/1/2016,9/30/2016,TRANSMISSÃO PAULISTA PN ,TRPL4<XBSP>,2,-1.785714286,-0.017857143
9/1/2016,9/30/2016,VALE PNA ,VALE5<XBSP>,2,6.427090532,0.064270905
9/1/2016,9/30/2016,RUMO LOG. ON ,RUMO3<XBSP>,2,-12.22222222,-0.122222222
9/1/2016,9/30/2016,RAIA DROGASIL ON ,RADL3<XBSP>,2,11.30790952,0.113079095
9/1/2016,9/30/2016,BANCO DO BRASIL ON ,BBAS3<XBSP>,2,-1.22135929,-0.012213593
9/1/2016,9/30/2016,GERDAU PN ,GGBR4<XBSP>,2,-2.422907489,-0.024229075
10/1/2016,10/31/2016,PETROBRAS PN ,PETR4<XBSP>,7,30.36109064,0.303610906
10/1/2016,10/31/2016,ITAÚ UNIBANCO PN ,ITUB4<XBSP>,5,18.96915927,0.189691593
10/1/2016,10/31/2016,GERDAU PN ,GGBR4<XBSP>,3,24.37923251,0.243792325
10/1/2016,10/31/2016,ECORODOVIAS ON ,ECOR3<XBSP>,3,6.524184477,0.065241845
10/1/2016,10/31/2016,BB SEGURIDADE ON ,BBSE3<XBSP>,3,7.563587684,0.075635877
10/1/2016,10/31/2016,RAIA DROGASIL ON ,RADL3<XBSP>,2,6.910078455,0.069100785
10/1/2016,10/31/2016,KLABIN UNIT ,KLBN11<XBSP>,2,-3.462441315,-0.034624413
10/1/2016,10/31/2016,BM&FBOVESPA ON ,B3SA3<XBSP>,2,11.83819155,0.118381916
10/1/2016,10/31/2016,CIELO ON ,CIEL3<XBSP>,2,-0.338357428,-0.003383574
10/1/2016,10/31/2016,BANCO DO BRASIL ON ,BBAS3<XBSP>,2,28.46491228,0.284649123
11/1/2016,11/30/2016,PETROBRAS PN ,PETR4<XBSP>,7,-9.553420011,-0.0955342
11/1/2016,11/30/2016,ITAÚ UNIBANCO PN ,ITUB4<XBSP>,5,-7.724371499,-0.077243715
11/1/2016,11/30/2016,GERDAU PN ,GGBR4<XBSP>,4,23.14014863,0.231401486
11/1/2016,11/30/2016,RAIA DROGASIL ON ,RADL3<XBSP>,3,-8.989556873,-0.089895569
11/1/2016,11/30/2016,BANCO DO BRASIL ON ,BBAS3<XBSP>,3,-2.318332826,-0.023183328
11/1/2016,11/30/2016,BB SEGURIDADE ON ,BBSE3<XBSP>,3,-11.97884256,-0.119788426
11/1/2016,11/30/2016,TAESA UNIT ,TAEE11<XBSP>,2,-7.948731458,-0.079487315
11/1/2016,11/30/2016,LOJAS RENNER ON ,LREN3<XBSP>,2,-16.74074074,-0.167407407
11/1/2016,11/30/2016,BM&FBOVESPA ON ,B3SA3<XBSP>,2,-11.20582951,-0.112058295
11/1/2016,11/30/2016,ECORODOVIAS ON ,ECOR3<XBSP>,2,-14.12323331,-0.141232333
12/1/2016,12/31/2016,PETROBRAS PN ,PETR4<XBSP>,8,-7.0625,-0.070625
12/1/2016,12/31/2016,BANCO DO BRASIL ON ,BBAS3<XBSP>,6,-1.143248631,-0.011432486
12/1/2016,12/31/2016,ITAÚ UNIBANCO PN ,ITUB4<XBSP>,5,-2.964815492,-0.029648155
12/1/2016,12/31/2016,RAIA DROGASIL ON ,RADL3<XBSP>,4,-4.86895671,-0.048689567
12/1/2016,12/31/2016,GERDAU PN ,GGBR4<XBSP>,3,-20.29520295,-0.20295203
12/1/2016,12/31/2016,TELEFÔNICA BRASIL PN ,VIVT4<XBSP>,2,-2.3914969,-0.023914969
12/1/2016,12/31/2016,SUZANO PAPEL PNA ,SUZB5<XBSP>,2,10.50583658,0.105058366
12/1/2016,12/31/2016,SABESP ON ,SBSP3<XBSP>,2,-3.905206943,-0.039052069
12/1/2016,12/31/2016,BM&FBOVESPA ON ,B3SA3<XBSP>,2,0.668083071,0.006680831
12/1/2016,12/31/2016,BRADESCO PN ,BBDC4<XBSP>,2,-1.42986537,-0.014298654
1/1/2017,1/31/2017,PETROBRAS PN ,PETR4<XBSP>,7,1.008742435,0.010087424
1/1/2017,1/31/2017,RAIA DROGASIL ON ,RADL3<XBSP>,4,7.043634581,0.070436346
1/1/2017,1/31/2017,ITAÚ UNIBANCO PN ,ITUB4<XBSP>,4,10.06354367,0.100635437
1/1/2017,1/31/2017,BM&FBOVESPA ON ,B3SA3<XBSP>,3,12.06060606,0.120606061
1/1/2017,1/31/2017,BANCO DO BRASIL ON ,BBAS3<XBSP>,3,10.751157,0.10751157
1/1/2017,1/31/2017,BRADESCO PN ,BBDC4<XBSP>,3,12.83296041,0.128329604
1/1/2017,1/31/2017,SUZANO PAPEL PNA ,SUZB3<XBSP>,2,-5.63,-0.0563
1/1/2017,1/31/2017,TRANSMISSÃO PAULISTA PN ,TRPL4<XBSP>,2,1.279482041,0.01279482
1/1/2017,1/31/2017,CCR ON ,CCRO3<XBSP>,2,-2.819548872,-0.028195489
1/1/2017,1/31/2017,AMBEV ON ,ABEV3<XBSP>,2,5.303147994,0.05303148
2/1/2017,2/28/2017,PETROBRAS PN ,PETR4<XBSP>,8,1.065246338,0.010652463
2/1/2017,2/28/2017,ITAÚ UNIBANCO PN ,ITUB4<XBSP>,5,9.606130731,0.096061307
2/1/2017,2/28/2017,BM&FBOVESPA ON ,B3SA3<XBSP>,4,2.866414278,0.028664143
2/1/2017,2/28/2017,RAIA DROGASIL ON ,RADL3<XBSP>,2,-9.312977099,-0.093129771
2/1/2017,2/28/2017,SUZANO PAPEL PNA ,SUZB3<XBSP>,2,0.37,0.0037
2/1/2017,2/28/2017,ITAUSA PN ,ITSA4<XBSP>,2,10.69157561,0.106915756
2/1/2017,2/28/2017,BANCO DO BRASIL ON ,BBAS3<XBSP>,2,6.396657024,0.06396657
2/1/2017,2/28/2017,BRADESCO PN ,BBDC4<XBSP>,2,2.261668215,0.022616682
2/1/2017,2/28/2017,VALE PNA ,VALE5<XBSP>,1,3.142389525,0.031423895
2/1/2017,2/28/2017,AMBEV ON ,ABEV3<XBSP>,1,3.720930233,0.037209302
3/1/2017,3/31/2017,PETROBRAS PN ,PETR4<XBSP>,8,-4.545454545,-0.045454545
3/1/2017,3/31/2017,ITAÚ UNIBANCO PN ,ITUB4<XBSP>,6,-5.285517931,-0.052855179
3/1/2017,3/31/2017,TELEFÔNICA BRASIL PN ,VIVT4<XBSP>,3,2.074150243,0.020741502
3/1/2017,3/31/2017,BANCO DO BRASIL ON ,BBAS3<XBSP>,3,2.319354166,0.023193542
3/1/2017,3/31/2017,WEG ON ,WEGE3<XBSP>,2,3.258963288,0.032589633
3/1/2017,3/31/2017,TAESA UNIT ,TAEE11<XBSP>,2,4.270786006,0.04270786
3/1/2017,3/31/2017,GERDAU PN ,GGBR4<XBSP>,2,-15.90733591,-0.159073359
3/1/2017,3/31/2017,BM&FBOVESPA ON ,B3SA3<XBSP>,2,1.41955836,0.014195584
3/1/2017,3/31/2017,EQUATORIAL ON ,EQTL3<XBSP>,2,-1.226478495,-0.012264785
3/1/2017,3/31/2017,AMBEV ON ,ABEV3<XBSP>,2,2.242152466,0.022421525
4/1/2017,4/30/2017,PETROBRAS PN ,PETR4<XBSP>,7,-3.58868185,-0.035886818
4/1/2017,4/30/2017,ITAÚ UNIBANCO PN ,ITUB4<XBSP>,5,3.629404778,0.036294048
4/1/2017,4/30/2017,BANCO DO BRASIL ON ,BBAS3<XBSP>,3,-2.724311519,-0.027243115
4/1/2017,4/30/2017,SABESP ON ,SBSP3<XBSP>,2,-6.763481271,-0.067634813
4/1/2017,4/30/2017,TAESA UNIT ,TAEE11<XBSP>,2,0.261437908,0.002614379
4/1/2017,4/30/2017,RAIA DROGASIL ON ,RADL3<XBSP>,2,14.9650588,0.149650588
4/1/2017,4/30/2017,B3 ON ,B3SA3<XBSP>,2,-1.45152929,-0.014515293
4/1/2017,4/30/2017,ECORODOVIAS ON ,ECOR3<XBSP>,2,4.424778761,0.044247788
4/1/2017,4/30/2017,GERDAU PN ,GGBR4<XBSP>,2,-10.00918274,-0.100091827
4/1/2017,4/30/2017,VALE PNA ,VALE5<XBSP>,1,-3.664539736,-0.036645397
5/1/2017,5/31/2017,ITAÚ UNIBANCO PN ,ITUB4<XBSP>,8,-9.415212129,-0.094152121
5/1/2017,5/31/2017,PETROBRAS PN ,PETR4<XBSP>,6,-7.229778096,-0.072297781
5/1/2017,5/31/2017,KLABIN UNIT ,KLBN11<XBSP>,4,6.118577528,0.061185775
5/1/2017,5/31/2017,RAIA DROGASIL ON ,RADL3<XBSP>,3,6.745737584,0.067457376
5/1/2017,5/31/2017,TAESA UNIT ,TAEE11<XBSP>,2,3.228330483,0.032283305
5/1/2017,5/31/2017,GERDAU PN ,GGBR4<XBSP>,2,-2.653061225,-0.026530612
5/1/2017,5/31/2017,IOCHPE-MAXION ON ,MYPK3<XBSP>,2,-11.72950329,-0.117295033
5/1/2017,5/31/2017,BANCO DO BRASIL ON ,BBAS3<XBSP>,2,-13.13344574,-0.131334457
5/1/2017,5/31/2017,LOJAS AMERICANAS PN ,LAME4<XBSP>,2,-13.30166271,-0.133016627
5/1/2017,5/31/2017,BRADESCO PN ,BBDC4<XBSP>,1,-9.337241714,-0.093372417
6/1/2017,6/30/2017,ITAÚ UNIBANCO PN ,ITUB4<XBSP>,7,3.419164204,0.034191642
6/1/2017,6/30/2017,KLABIN UNIT ,KLBN11<XBSP>,4,-2.814371258,-0.028143713
6/1/2017,6/30/2017,PETROBRAS PN ,PETR4<XBSP>,4,-4.552469136,-0.045524691
6/1/2017,6/30/2017,RAIA DROGASIL ON ,RADL3<XBSP>,3,-2.424985193,-0.024249852
6/1/2017,6/30/2017,VALE PNA ,VALE5<XBSP>,2,4.342768515,0.043427685
6/1/2017,6/30/2017,WEG ON ,WEGE3<XBSP>,2,-6.842105263,-0.068421053
6/1/2017,6/30/2017,TAESA UNIT ,TAEE11<XBSP>,2,-2.907488987,-0.02907489
6/1/2017,6/30/2017,LOCALIZA ON ,RENT3<XBSP>,2,3.840846366,0.038408464
6/1/2017,6/30/2017,GERDAU PN ,GGBR4<XBSP>,2,7.756813417,0.077568134
6/1/2017,6/30/2017,LOJAS AMERICANAS PN ,LAME4<XBSP>,2,-4.109589041,-0.04109589
7/1/2017,7/31/2017,ITAÚ UNIBANCO PN ,ITUB4<XBSP>,9,1.592486729,0.015924867
7/1/2017,7/31/2017,KLABIN UNIT ,KLBN11<XBSP>,3,-1.417128774,-0.014171288
7/1/2017,7/31/2017,TAESA UNIT ,TAEE11<XBSP>,2,5.353901996,0.05353902
7/1/2017,7/31/2017,AES TIETÊ UNIT ,AESB3<XBSP>,2,3.003663004,0.03003663
7/1/2017,7/31/2017,WEG ON ,WEGE3<XBSP>,2,7.669807714,0.076698077
7/1/2017,7/31/2017,SER EDUCACIONAL ON ,SEER3<XBSP>,2,4.448979592,0.044489796
7/1/2017,7/31/2017,PETROBRAS PN ,PETR4<XBSP>,2,7.437348424,0.074373484
7/1/2017,7/31/2017,GERDAU PN ,GGBR4<XBSP>,2,3.696498055,0.036964981
7/1/2017,7/31/2017,CVC BRASIL ON ,CVCB3<XBSP>,2,10.06483483,0.100648348
7/1/2017,7/31/2017,RAIA DROGASIL ON ,RADL3<XBSP>,2,-1.583226359,-0.015832264
8/1/2017,8/31/2017,ITAÚ UNIBANCO PN ,ITUB4<XBSP>,6,9.253337648,0.092533376
8/1/2017,8/31/2017,LOJAS AMERICANAS PN ,LAME4<XBSP>,4,13.40140396,0.13401404
8/1/2017,8/31/2017,PETROBRAS PN ,PETR4<XBSP>,4,2.708803612,0.027088036
8/1/2017,8/31/2017,USIMINAS PNA ,USIM5<XBSP>,2,33.2688588,0.332688588
8/1/2017,8/31/2017,VALE ON ,VALE3<XBSP>,2,12.07667732,0.120766773
8/1/2017,8/31/2017,KLABIN UNIT ,KLBN11<XBSP>,2,7.865629734,0.078656297
8/1/2017,8/31/2017,BRADESCO PN ,BBDC4<XBSP>,1,11.29798904,0.11297989
8/1/2017,8/31/2017,B3 ON ,B3SA3<XBSP>,1,8.152660406,0.081526604
8/1/2017,8/31/2017,BANCO DO BRASIL ON ,BBAS3<XBSP>,1,7.680464995,0.07680465
8/1/2017,8/31/2017,KROTON ON ,COGN3<XBSP>,1,20.01966574,0.200196657
9/1/2017,9/30/2017,PETROBRAS PN ,PETR4<XBSP>,5,12.08791209,0.120879121
9/1/2017,9/30/2017,ITAÚ UNIBANCO PN ,ITUB4<XBSP>,5,7.474897732,0.074748977
9/1/2017,9/30/2017,GERDAU PN ,GGBR4<XBSP>,4,-6.835443038,-0.06835443
9/1/2017,9/30/2017,RUMO ON ,RAIL3<XBSP>,2,17.03775411,0.170377541
9/1/2017,9/30/2017,MRV ON ,MRVE3<XBSP>,2,2.00148258,0.020014826
9/1/2017,9/30/2017,KLABIN UNIT ,KLBN11<XBSP>,2,7.184579439,0.071845794
9/1/2017,9/30/2017,CARREFOUR BR ON ,CRFB3<XBSP>,2,-1.835443038,-0.01835443
9/1/2017,9/30/2017,LOJAS AMERICANAS PN ,LAME4<XBSP>,2,8.328643782,0.083286438
9/1/2017,9/30/2017,VALE ON ,VALE3<XBSP>,1,-9.150513113,-0.091505131
9/1/2017,9/30/2017,BRADESCO PN ,BBDC4<XBSP>,1,4.435413244,0.044354132
10/1/2017,10/31/2017,PETROBRAS PN ,PETR4<XBSP>,5,9.607843137,0.096078431
10/1/2017,10/31/2017,ITAÚ UNIBANCO PN ,ITUB4<XBSP>,5,-2.965270567,-0.029652706
10/1/2017,10/31/2017,VIA VAREJO UNIT ,VVAR11<XBSP>,3,-2.3366508,-0.023366508
10/1/2017,10/31/2017,BANCO DO BRASIL ON ,BBAS3<XBSP>,3,-1.318051576,-0.013180516
10/1/2017,10/31/2017,USIMINAS PNA ,USIM5<XBSP>,2,13.23907455,0.132390746
10/1/2017,10/31/2017,TENDA ON ,TEND3<XBSP>,2,4.141291108,0.041412911
10/1/2017,10/31/2017,IOCHPE-MAXION ON ,MYPK3<XBSP>,2,4.187994416,0.041879944
10/1/2017,10/31/2017,RUMO ON ,RAIL3<XBSP>,2,5.045492142,0.050454921
10/1/2017,10/31/2017,LOJAS AMERICANAS PN ,LAME4<XBSP>,2,-8.675324675,-0.086753247
10/1/2017,10/31/2017,B3 ON ,B3SA3<XBSP>,1,-0.208768267,-0.002087683
11/1/2017,11/30/2017,PETROBRAS PN ,PETR4<XBSP>,5,-8.288610614,-0.082886106
11/1/2017,11/30/2017,ITAÚ UNIBANCO PN ,ITUB4<XBSP>,5,-1.819911978,-0.01819912
11/1/2017,11/30/2017,SER EDUCACIONAL ON ,SEER3<XBSP>,3,-4.408427877,-0.044084279
11/1/2017,11/30/2017,RUMO ON ,RAIL3<XBSP>,2,2.519685039,0.02519685
11/1/2017,11/30/2017,LOJAS AMERICANAS PN ,LAME4<XBSP>,2,-15.64277588,-0.156427759
11/1/2017,11/30/2017,KLABIN UNIT ,KLBN11<XBSP>,2,-4.734405137,-0.047344051
11/1/2017,11/30/2017,ECORODOVIAS ON ,ECOR3<XBSP>,2,0.536470264,0.005364703
11/1/2017,11/30/2017,AMBEV ON ,ABEV3<XBSP>,1,-1.626794258,-0.016267943
11/1/2017,11/30/2017,BANCO DO BRASIL ON ,BBAS3<XBSP>,1,-12.50604184,-0.125060418
11/1/2017,11/30/2017,B3 ON ,B3SA3<XBSP>,1,-2.430153169,-0.024301532
12/1/2017,12/31/2017,ITAÚ UNIBANCO PN ,ITUB4<XBSP>,5,3.575974508,0.035759745
12/1/2017,12/31/2017,RUMO ON ,RAIL3<XBSP>,3,-0.384024578,-0.003840246
12/1/2017,12/31/2017,BRASKEM PNA ,BRKM5<XBSP>,3,-2.874037243,-0.028740372
12/1/2017,12/31/2017,PETROBRAS PN ,PETR4<XBSP>,3,4.681404421,0.046814044
12/1/2017,12/31/2017,CVC BRASIL ON ,CVCB3<XBSP>,3,8.524565729,0.085245657
12/1/2017,12/31/2017,VALE ON ,VALE3<XBSP>,2,15.79413625,0.157941362
12/1/2017,12/31/2017,ULTRAPAR ON ,UGPA3<XBSP>,2,6.837606838,0.068376068
12/1/2017,12/31/2017,TAESA UNIT ,TAEE11<XBSP>,2,1.604836249,0.016048362
12/1/2017,12/31/2017,GERDAU PN ,GGBR4<XBSP>,2,11.73285199,0.11732852
12/1/2017,12/31/2017,BR MALLS PART. ON ,BRML3<XBSP>,2,5.2936311,0.052936311
1/1/2018,1/31/2018,ITAU UNIBANCO PN ,ITUB4<XBSP>,4,22.7769294,0.227769294
1/1/2018,1/31/2018,PETROBRAS PN ,PETR4<XBSP>,3,22.36024845,0.223602484
1/1/2018,1/31/2018,SMILES ON ,SMLS3<XBSP>,3,8.234519104,0.082345191
1/1/2018,1/31/2018,GERDAU PN ,GGBR4<XBSP>,3,16.31663974,0.163166397
1/1/2018,1/31/2018,BRASKEM PNA ,BRKM5<XBSP>,3,15.25542337,0.152554234
1/1/2018,1/31/2018,B3 ON ,B3SA3<XBSP>,3,14.48639157,0.144863916
1/1/2018,1/31/2018,BRF S.A. ON ,BRFS3<XBSP>,2,-3.415300547,-0.034153005
1/1/2018,1/31/2018,RUMO ON ,RAIL3<XBSP>,2,10.0231303,0.100231303
1/1/2018,1/31/2018,ITAUSA PN ,ITSA4<XBSP>,2,22.45841035,0.224584104
1/1/2018,1/31/2018,BRASIL ON ,BBAS3<XBSP>,2,24.70144563,0.247014456
2/1/2018,2/28/2018,PETROBRAS PN ,PETR4<XBSP>,5,8.934010152,0.089340102
2/1/2018,2/28/2018,B3 ON ,B3SA3<XBSP>,4,-1.763803681,-0.017638037
2/1/2018,2/28/2018,ITAU UNIBANCO PN ,ITUB4<XBSP>,3,0.719512745,0.007195127
2/1/2018,2/28/2018,BRASIL ON ,BBAS3<XBSP>,3,5.342741936,0.053427419
2/1/2018,2/28/2018,USIMINAS PNA ,USIM5<XBSP>,3,3.878583474,0.038785835
2/1/2018,2/28/2018,VIAVAREJO UNT ,VVAR11<XBSP>,3,0.995575221,0.009955752
2/1/2018,2/28/2018,SMILES ON ,SMLS3<XBSP>,2,2.592818016,0.02592818
2/1/2018,2/28/2018,GERDAU PN ,GGBR4<XBSP>,2,15.41666667,0.154166667
2/1/2018,2/28/2018,COPEL PNB ,CPLE6<XBSP>,2,3.427172583,0.034271726
2/1/2018,2/28/2018,CARREFOUR BR ON ,CRFB3<XBSP>,2,-7.763975155,-0.077639752
3/1/2018,3/31/2018,PETROBRAS PN ,PETR4<XBSP>,5,-0.232991612,-0.002329916
3/1/2018,3/31/2018,B3 ON ,B3SA3<XBSP>,4,4.176424668,0.041764247
3/1/2018,3/31/2018,ITAU UNIBANCO PN ,ITUB4<XBSP>,3,1.876302988,0.01876303
3/1/2018,3/31/2018,BRASIL ON ,BBAS3<XBSP>,3,-1.081092602,-0.010810926
3/1/2018,3/31/2018,VIAVAREJO UNT ,VVAR11<XBSP>,2,10.69733479,0.106973348
3/1/2018,3/31/2018,USIMINAS PNA ,USIM5<XBSP>,2,-11.36363636,-0.113636364
3/1/2018,3/31/2018,GERDAU PN ,GGBR4<XBSP>,2,-6.565090327,-0.065650903
3/1/2018,3/31/2018,SID NACIONAL ON ,CSNA3<XBSP>,2,-13.30049261,-0.133004926
3/1/2018,3/31/2018,FIBRIA ON ,FIBR3<XBSP>,2,5.448354143,0.054483541
3/1/2018,3/31/2018,MAGAZINE LUIZA ON ,MGLU3<XBSP>,2,7.841943356,0.078419434
4/1/2018,4/30/2018,PETROBRAS PN ,PETR4<XBSP>,5,7.286314806,0.072863148
4/1/2018,4/30/2018,ITAU UNIBANCO PN ,ITUB4<XBSP>,4,-0.555609709,-0.005556097
4/1/2018,4/30/2018,SUZANO PAPEL ON ,SUZB3<XBSP>,4,23.67588524,0.236758852
4/1/2018,4/30/2018,GERDAU PN ,GGBR4<XBSP>,3,7.419354839,0.074193548
4/1/2018,4/30/2018,B3 ON ,B3SA3<XBSP>,3,-4.845918256,-0.048459183
4/1/2018,4/30/2018,VIAVAREJO UNT ,VVAR11<XBSP>,3,-1.763705972,-0.01763706
4/1/2018,4/30/2018,SID NACIONAL ON ,CSNA3<XBSP>,2,-0.227272727,-0.002272727
4/1/2018,4/30/2018,BRASIL ON ,BBAS3<XBSP>,2,-10.55325372,-0.105532537
4/1/2018,4/30/2018,BRADESCO PN ,BBDC4<XBSP>,2,-3.677745279,-0.036777453
4/1/2018,4/30/2018,CCR SA ON ,CCRO3<XBSP>,2,-2.742696813,-0.027426968
5/1/2018,5/31/2018,PETROBRAS PN ,PETR4<XBSP>,6,-17.20522421,-0.172052242
5/1/2018,5/31/2018,ITAU UNIBANCO PN ,ITUB4<XBSP>,6,-15.71722718,-0.157172272
5/1/2018,5/31/2018,SUZANO PAPEL ON ,SUZB3<XBSP>,4,4.968339016,0.04968339
5/1/2018,5/31/2018,VIAVAREJO UNT ,VVAR11<XBSP>,3,-21.51260504,-0.21512605
5/1/2018,5/31/2018,GERDAU PN ,GGBR4<XBSP>,3,-10.69501333,-0.106950133
5/1/2018,5/31/2018,CCR SA ON ,CCRO3<XBSP>,3,-13.87959866,-0.138795987
5/1/2018,5/31/2018,B3 ON ,B3SA3<XBSP>,3,-13.95256917,-0.139525692
5/1/2018,5/31/2018,BRASIL ON ,BBAS3<XBSP>,2,-16.68936299,-0.16689363
5/1/2018,5/31/2018,QUALICORP ON ,QUAL3<XBSP>,2,-21.76591376,-0.217659138
5/1/2018,5/31/2018,SID NACIONAL ON ,CSNA3<XBSP>,2,-12.30068337,-0.123006834
6/1/2018,6/30/2018,SUZANO PAPEL ON ,SUZB3<XBSP>,5,4.3387471,0.043387471
6/1/2018,6/30/2018,VALE ON ,VALE3<XBSP>,4,-2.054118112,-0.020541181
6/1/2018,6/30/2018,PETROBRAS PN ,PETR4<XBSP>,3,-9.430979979,-0.0943098
6/1/2018,6/30/2018,MAGAZINE LUIZA ON ,MGLU3<XBSP>,3,18.05017524,0.180501752
6/1/2018,6/30/2018,KLABIN S/A UNT ,KLBN11<XBSP>,3,-6.622201048,-0.06622201
6/1/2018,6/30/2018,IRB BRASIL RESSEGUROS ON ,IRBR3<XBSP>,3,0.269597677,0.002695977
6/1/2018,6/30/2018,B3 ON ,B3SA3<XBSP>,3,-5.023598784,-0.050235988
6/1/2018,6/30/2018,ITAU UNIBANCO PN ,ITUB4<XBSP>,3,-6.109624113,-0.061096241
6/1/2018,6/30/2018,GERDAU PN ,GGBR4<XBSP>,3,-6.013513514,-0.060135135
6/1/2018,6/30/2018,RAIADROGASIL ON ,RADL3<XBSP>,2,6.873012354,0.068730124
7/1/2018,7/31/2018,SUZANO PAPEL ON ,SUZB3<XBSP>,6,-0.933955971,-0.00933956
7/1/2018,7/31/2018,ITAU UNIBANCO PN ,ITUB4<XBSP>,6,11.5933044,0.115933044
7/1/2018,7/31/2018,VALE ON ,VALE3<XBSP>,5,10.58681186,0.105868119
7/1/2018,7/31/2018,PETROBRAS PN ,PETR4<XBSP>,5,14.71785922,0.147178592
7/1/2018,7/31/2018,MAGAZINE LUIZA ON ,MGLU3<XBSP>,4,3.336198141,0.033361981
7/1/2018,7/31/2018,B3 ON ,B3SA3<XBSP>,4,16.33251834,0.163325183
7/1/2018,7/31/2018,ITAUSA PN ,ITSA4<XBSP>,3,13.50762527,0.135076253
7/1/2018,7/31/2018,CEMIG PN ,CMIG4<XBSP>,2,12.73972603,0.12739726
7/1/2018,7/31/2018,GERDAU PN ,GGBR4<XBSP>,2,19.91373113,0.199137311
7/1/2018,7/31/2018,P.ACUCAR - CBD PN ,PCAR4<XBSP>,2,6.753113365,0.067531134
8/1/2018,8/31/2018,PETROBRAS PN ,PETR4<XBSP>,7,-2.088366698,-0.020883667
8/1/2018,8/31/2018,ITAU UNIBANCO PN ,ITUB4<XBSP>,7,-4.368355159,-0.043683552
8/1/2018,8/31/2018,B3 ON ,B3SA3<XBSP>,6,-8.532997058,-0.085329971
8/1/2018,8/31/2018,VALE ON ,VALE3<XBSP>,5,0.593568459,0.005935685
8/1/2018,8/31/2018,GERDAU PN ,GGBR4<XBSP>,4,-2.985391573,-0.029853916
8/1/2018,8/31/2018,VIAVAREJO UNT ,VVAR11<XBSP>,3,-20.62000939,-0.206200094
8/1/2018,8/31/2018,IRB BRASIL RESSEGUROS ON ,IRBR3<XBSP>,3,11.31086142,0.113108614
8/1/2018,8/31/2018,LOJAS RENNER ON ,LREN3<XBSP>,2,-8.419689119,-0.084196891
8/1/2018,8/31/2018,MAGAZINE LUIZA ON ,MGLU3<XBSP>,2,-1.519733858,-0.015197339
8/1/2018,8/31/2018,BRASIL ON ,BBAS3<XBSP>,2,-6.52364924,-0.065236492
9/1/2018,9/30/2018,PETROBRAS PN ,PETR4<XBSP>,7,9.501557632,0.095015576
9/1/2018,9/30/2018,B3 ON ,B3SA3<XBSP>,5,8.362983811,0.083629838
9/1/2018,9/30/2018,ITAU UNIBANCO PN ,ITUB4<XBSP>,4,4.437344693,0.044373447
9/1/2018,9/30/2018,VALE ON ,VALE3<XBSP>,4,11.56284968,0.115628497
9/1/2018,9/30/2018,LOCALIZA ON ,RENT3<XBSP>,3,5.976158831,0.059761588
9/1/2018,9/30/2018,VIAVAREJO UNT ,VVAR11<XBSP>,3,-11.71597633,-0.117159763
9/1/2018,9/30/2018,MRV ON ,MRVE3<XBSP>,3,-5.461538462,-0.054615385
9/1/2018,9/30/2018,FIBRIA ON ,FIBR3<XBSP>,3,-4.622379389,-0.046223794
9/1/2018,9/30/2018,IRB BRASIL RESSEGUROS ON ,IRBR3<XBSP>,3,11.79340511,0.117934051
9/1/2018,9/30/2018,P.ACUCAR - CBD PN ,PCAR4<XBSP>,3,7.150728542,0.071507285
10/1/2018,10/31/2018,ITAU UNIBANCO PN ,ITUB4<XBSP>,8,11.64003174,0.116400317
10/1/2018,10/31/2018,GERDAU PN ,GGBR4<XBSP>,6,-5.410122164,-0.054101222
10/1/2018,10/31/2018,PETROBRAS PN ,PETR4<XBSP>,5,30.96254149,0.309625415
10/1/2018,10/31/2018,B3 ON ,B3SA3<XBSP>,4,13.41880342,0.134188034
10/1/2018,10/31/2018,IRB BRASIL RESSEGUROS ON ,IRBR3<XBSP>,4,9.044394281,0.090443943
10/1/2018,10/31/2018,VALE ON ,VALE3<XBSP>,3,-5.198930124,-0.051989301
10/1/2018,10/31/2018,KLABIN S/A UNT ,KLBN11<XBSP>,3,-6.133735546,-0.061337355
10/1/2018,10/31/2018,P.ACUCAR - CBD PN ,PCAR4<XBSP>,3,-10.15253539,-0.101525354
10/1/2018,10/31/2018,MAGAZINE LUIZA ON ,MGLU3<XBSP>,3,37.80716793,0.378071679
10/1/2018,10/31/2018,SUZANO PAPEL ON ,SUZB3<XBSP>,2,-21.27703827,-0.212770383
11/1/2018,11/30/2018,PETROBRAS PN ,PETR4<XBSP>,9,-7.452731194,-0.074527312
11/1/2018,11/30/2018,B3 ON ,B3SA3<XBSP>,5,6.254709872,0.062547099
11/1/2018,11/30/2018,VALE ON ,VALE3<XBSP>,4,-6.894727561,-0.068947276
11/1/2018,11/30/2018,ULTRAPAR ON ,UGPA3<XBSP>,4,6.779661017,0.06779661
11/1/2018,11/30/2018,ITAU UNIBANCO PN ,ITUB4<XBSP>,4,9.739006804,0.097390068
11/1/2018,11/30/2018,ITAUSA PN ,ITSA4<XBSP>,4,9.786476868,0.097864769
11/1/2018,11/30/2018,GERDAU PN ,GGBR4<XBSP>,3,-3.983882152,-0.039838822
11/1/2018,11/30/2018,MAGAZINE LUIZA ON ,MGLU3<XBSP>,3,-2.470379147,-0.024703791
11/1/2018,11/30/2018,BRADESCO PN ,BBDC4<XBSP>,2,12.18698718,0.121869872
11/1/2018,11/30/2018,LOCALIZA ON ,RENT3<XBSP>,2,-6.4,-0.064
12/1/2018,12/31/2018,PETROBRAS PN ,PETR4<XBSP>,9,-7.92836273,-0.079283627
12/1/2018,12/31/2018,ITAUSA PN ,ITSA4<XBSP>,4,-1.880983253,-0.018809833
12/1/2018,12/31/2018,VALE ON ,VALE3<XBSP>,4,-3.409090909,-0.034090909
12/1/2018,12/31/2018,B3 ON ,B3SA3<XBSP>,4,-4.187641892,-0.041876419
12/1/2018,12/31/2018,ITAU UNIBANCO PN ,ITUB4<XBSP>,4,-1.372341344,-0.013723413
12/1/2018,12/31/2018,ULTRAPAR ON ,UGPA3<XBSP>,3,12.59259259,0.125925926
12/1/2018,12/31/2018,BRF S.A. ON ,BRFS3<XBSP>,3,-1.082543979,-0.01082544
12/1/2018,12/31/2018,BRASIL ON ,BBAS3<XBSP>,3,4.473001331,0.044730013
12/1/2018,12/31/2018,BRADESCO PN ,BBDC4<XBSP>,2,2.529841772,0.025298418
12/1/2018,12/31/2018,AMBEV ON ,ABEV3<XBSP>,2,-7.232280139,-0.072322801
1/1/2019,1/31/2019,PETROBRAS PN ,PETR4<XBSP>,12,12.78659612,0.127865961
1/1/2019,1/31/2019,ITAU UNIBANCO PN ,ITUB4<XBSP>,5,9.28561364,0.092856136
1/1/2019,1/31/2019,LOJAS RENNER ON ,LREN3<XBSP>,4,7.311320755,0.073113208
1/1/2019,1/31/2019,BRADESCO PN ,BBDC4<XBSP>,3,17.1572385,0.171572385
1/1/2019,1/31/2019,BRASIL ON ,BBAS3<XBSP>,3,11.55087116,0.115508712
1/1/2019,1/31/2019,VALE ON ,VALE3<XBSP>,3,-10.78431373,-0.107843137
1/1/2019,1/31/2019,USIMINAS PNA ,USIM5<XBSP>,3,7.237422593,0.072374226
1/1/2019,1/31/2019,MAGAZINE LUIZA ON ,MGLU3<XBSP>,2,-0.779762961,-0.00779763
1/1/2019,1/31/2019,AMBEV ON ,ABEV3<XBSP>,2,13.84915475,0.138491547
1/1/2019,1/31/2019,B3 ON ,B3SA3<XBSP>,2,17.38157404,0.17381574
2/1/2019,2/28/2019,PETROBRAS PN ,PETR4<XBSP>,12,5.785770133,0.057857701
2/1/2019,2/28/2019,BRASIL ON ,BBAS3<XBSP>,5,-1.334047211,-0.013340472
2/1/2019,2/28/2019,BRASKEM PNA ,BRKM5<XBSP>,4,4.094910065,0.040949101
2/1/2019,2/28/2019,BRADESCO PN ,BBDC4<XBSP>,3,-4.356218327,-0.043562183
2/1/2019,2/28/2019,NATURA ON ,NTCO3<XBSP>,3,2.276967,0.02276967
2/1/2019,2/28/2019,ITAU UNIBANCO PN ,ITUB4<XBSP>,3,-4.593594275,-0.045935943
2/1/2019,2/28/2019,VALE ON ,VALE3<XBSP>,2,3.516483516,0.035164835
2/1/2019,2/28/2019,LOCALIZA ON ,RENT3<XBSP>,2,3.753753754,0.037537538
2/1/2019,2/28/2019,GERDAU PN ,GGBR4<XBSP>,2,-3.258785942,-0.032587859
2/1/2019,2/28/2019,AMBEV ON ,ABEV3<XBSP>,2,-1.599086237,-0.015990862
3/1/2019,3/31/2019,PETROBRAS PN ,PETR4<XBSP>,13,3.6954915,0.036954915
3/1/2019,3/31/2019,SUZANO PAPEL ON ,SUZB3<XBSP>,5,-2.328997063,-0.023289971
3/1/2019,3/31/2019,BRASIL ON ,BBAS3<XBSP>,5,-3.435189072,-0.034351891
3/1/2019,3/31/2019,BRASKEM PNA ,BRKM5<XBSP>,4,-6.43382353,-0.064338235
3/1/2019,3/31/2019,NATURA ON ,NTCO3<XBSP>,3,-6.180239769,-0.061802398
3/1/2019,3/31/2019,IRB BRASIL RESSEGUROS ON ,IRBR3<XBSP>,3,5.231753257,0.052317533
3/1/2019,3/31/2019,ITAU UNIBANCO PN ,ITUB4<XBSP>,3,-2.229163709,-0.022291637
3/1/2019,3/31/2019,VALE ON ,VALE3<XBSP>,2,8.131634819,0.081316348
3/1/2019,3/31/2019,LOCALIZA ON ,RENT3<XBSP>,2,-4.028931232,-0.040289312
3/1/2019,3/31/2019,RUMO ON ,RAIL3<XBSP>,2,-1.593011305,-0.015930113
4/1/2019,4/30/2019,PETROBRAS PN ,PETR4<XBSP>,15,-3.318074477,-0.033180745
4/1/2019,4/30/2019,BRASIL ON ,BBAS3<XBSP>,7,1.97044335,0.019704433
4/1/2019,4/30/2019,VALE ON ,VALE3<XBSP>,4,-1.629687807,-0.016296878
4/1/2019,4/30/2019,SUZANO PAPEL ON ,SUZB3<XBSP>,3,-11.54396053,-0.115439605
4/1/2019,4/30/2019,P.ACUCAR - CBD PN ,PCAR4<XBSP>,3,5.510605729,0.055106057
4/1/2019,4/30/2019,IRB BRASIL RESSEGUROS ON ,IRBR3<XBSP>,3,2.904109589,0.029041096
4/1/2019,4/30/2019,BRADESCO PN ,BBDC4<XBSP>,3,-0.515900624,-0.005159006
4/1/2019,4/30/2019,BRF S.A. ON ,BRFS3<XBSP>,3,37.08609272,0.370860927
4/1/2019,4/30/2019,BRASKEM PNA ,BRKM5<XBSP>,3,-6.129666012,-0.06129666
4/1/2019,4/30/2019,USIMINAS PNA ,USIM5<XBSP>,2,-13.37397757,-0.133739776
5/1/2019,5/31/2019,PETROBRAS PN ,PETR4<XBSP>,9,-5.397207761,-0.053972078
5/1/2019,5/31/2019,P.ACUCAR - CBD PN ,PCAR4<XBSP>,5,-9.626943005,-0.09626943
5/1/2019,5/31/2019,VALE ON ,VALE3<XBSP>,4,-2.195608782,-0.021956088
5/1/2019,5/31/2019,SABESP ON ,SBSP3<XBSP>,3,-5.936170213,-0.059361702
5/1/2019,5/31/2019,IRB BRASIL RESSEGUROS ON ,IRBR3<XBSP>,3,8.498402556,0.084984026
5/1/2019,5/31/2019,GERDAU PN ,GGBR4<XBSP>,3,-1.476861198,-0.014768612
5/1/2019,5/31/2019,BRASIL ON ,BBAS3<XBSP>,3,5.254889796,0.052548898
5/1/2019,5/31/2019,BRADESCO PN ,BBDC4<XBSP>,3,4.046462974,0.04046463
5/1/2019,5/31/2019,BBSEGURIDADE ON ,BBSE3<XBSP>,3,5.59094126,0.055909413
5/1/2019,5/31/2019,AMBEV ON ,ABEV3<XBSP>,3,-4.981050352,-0.049810504
6/1/2019,6/30/2019,PETROBRAS PN ,PETR4<XBSP>,7,7.279843445,0.072798434
6/1/2019,6/30/2019,BRADESCO PN ,BBDC4<XBSP>,5,2.05250615,0.020525062
6/1/2019,6/30/2019,BRASIL ON ,BBAS3<XBSP>,5,4.368337879,0.043683379
6/1/2019,6/30/2019,LOJAS RENNER ON ,LREN3<XBSP>,3,7.2646352,0.072646352
6/1/2019,6/30/2019,VALE ON ,VALE3<XBSP>,3,5.755102041,0.05755102
6/1/2019,6/30/2019,KROTON ON ,COGN3<XBSP>,3,6.092843327,0.060928433
6/1/2019,6/30/2019,IRB BRASIL RESSEGUROS ON ,IRBR3<XBSP>,3,-3.317628583,-0.033176286
6/1/2019,6/30/2019,BRASKEM PNA ,BRKM5<XBSP>,3,-18.11594203,-0.18115942
6/1/2019,6/30/2019,GERDAU PN ,GGBR4<XBSP>,3,9.589041096,0.095890411
6/1/2019,6/30/2019,ITAU UNIBANCO PN ,ITUB4<XBSP>,3,3.644419037,0.03644419
7/1/2019,7/31/2019,PETROBRAS PN ,PETR4<XBSP>,10,-4.852243707,-0.048522437
7/1/2019,7/31/2019,VALE ON ,VALE3<XBSP>,5,-3.87881127,-0.038788113
7/1/2019,7/31/2019,BRADESCO PN ,BBDC4<XBSP>,5,-8.076664814,-0.080766648
7/1/2019,7/31/2019,BRASIL ON ,BBAS3<XBSP>,5,-8.750463478,-0.087504635
7/1/2019,7/31/2019,P.ACUCAR - CBD PN ,PCAR4<XBSP>,4,-1.193493874,-0.011934939
7/1/2019,7/31/2019,ITAU UNIBANCO PN ,ITUB4<XBSP>,4,-3.931576769,-0.039315768
7/1/2019,7/31/2019,GERDAU PN ,GGBR4<XBSP>,3,-9.539473684,-0.095394737
7/1/2019,7/31/2019,RUMO ON ,RAIL3<XBSP>,2,5.740472745,0.057404727
7/1/2019,7/31/2019,B3 ON ,B3SA3<XBSP>,2,12.92005092,0.129200509
7/1/2019,7/31/2019,LOJAS RENNER ON ,LREN3<XBSP>,2,0.636132316,0.006361323
8/1/2019,8/31/2019,PETROBRAS PN ,PETR4<XBSP>,8,-1.455548592,-0.014555486
8/1/2019,8/31/2019,VALE ON ,VALE3<XBSP>,8,-8.512346918,-0.085123469
8/1/2019,8/31/2019,P.ACUCAR - CBD PN ,PCAR4<XBSP>,4,-6.402993052,-0.064029931
8/1/2019,8/31/2019,LOCALIZA ON ,RENT3<XBSP>,4,6.909090909,0.069090909
8/1/2019,8/31/2019,IRB BRASIL RESSEGUROS ON ,IRBR3<XBSP>,4,14.21052632,0.142105263
8/1/2019,8/31/2019,BRASIL ON ,BBAS3<XBSP>,3,-5.162263336,-0.051622633
8/1/2019,8/31/2019,BRADESCO PN ,BBDC4<XBSP>,3,-4.439734975,-0.04439735
8/1/2019,8/31/2019,CYRELA REALT ON ,CYRE3<XBSP>,3,3.237704918,0.032377049
8/1/2019,8/31/2019,ITAU UNIBANCO PN ,ITUB4<XBSP>,3,-0.242440137,-0.002424401
8/1/2019,8/31/2019,B3 ON ,B3SA3<XBSP>,2,6.186300071,0.061863001
9/1/2019,9/30/2019,PETROBRAS PN ,PETR4<XBSP>,11,8.039215686,0.080392157
9/1/2019,9/30/2019,VALE ON ,VALE3<XBSP>,8,4.783849023,0.04783849
9/1/2019,9/30/2019,BRADESCO PN ,BBDC4<XBSP>,5,3.003789229,0.030037892
9/1/2019,9/30/2019,JBS ON ,JBSS3<XBSP>,4,10.62753036,0.106275304
9/1/2019,9/30/2019,IRB BRASIL RESSEGUROS ON ,IRBR3<XBSP>,4,4.129032258,0.041290323
9/1/2019,9/30/2019,LOCALIZA ON ,RENT3<XBSP>,3,-3.138221919,-0.031382219
9/1/2019,9/30/2019,CPFL ENERGIA ON ,CPFE3<XBSP>,3,1.512345679,0.015123457
9/1/2019,9/30/2019,B3 ON ,B3SA3<XBSP>,3,-1.908338332,-0.019083383
9/1/2019,9/30/2019,BRASIL ON ,BBAS3<XBSP>,2,-1.142091284,-0.011420913
9/1/2019,9/30/2019,ITAU UNIBANCO PN ,ITUB4<XBSP>,2,3.257184967,0.03257185
10/1/2019,10/31/2019,PETROBRAS PN ,PETR4<XBSP>,9,10.30852995,0.103085299
10/1/2019,10/31/2019,VALE ON ,VALE3<XBSP>,6,-1.151832461,-0.011518325
10/1/2019,10/31/2019,BRADESCO PN ,BBDC4<XBSP>,6,6.932138664,0.069321387
10/1/2019,10/31/2019,B3 ON ,B3SA3<XBSP>,4,10.88700435,0.108870044
10/1/2019,10/31/2019,ITAU UNIBANCO PN ,ITUB4<XBSP>,4,3.469941454,0.034699415
10/1/2019,10/31/2019,CPFL ENERGIA ON ,CPFE3<XBSP>,3,0.395256917,0.003952569
10/1/2019,10/31/2019,RUMO ON ,RAIL3<XBSP>,3,-6.93877551,-0.069387755
10/1/2019,10/31/2019,IRB BRASIL RESSEGUROS ON ,IRBR3<XBSP>,3,0.34519384,0.003451938
10/1/2019,10/31/2019,P.ACUCAR - CBD PN ,PCAR4<XBSP>,3,3.997493734,0.039974937
10/1/2019,10/31/2019,MAGAZINE LUIZA ON ,MGLU3<XBSP>,3,20.74981645,0.207498165
11/1/2019,11/30/2019,PETROBRAS PN ,PETR4<XBSP>,10,-3.446109665,-0.034461097
11/1/2019,11/30/2019,BRADESCO PN ,BBDC4<XBSP>,5,-5.06633933,-0.050663393
11/1/2019,11/30/2019,VALE ON ,VALE3<XBSP>,5,5.889830509,0.058898305
11/1/2019,11/30/2019,JBS ON ,JBSS3<XBSP>,4,0.671615412,0.006716154
11/1/2019,11/30/2019,B3 ON ,B3SA3<XBSP>,4,-1.364200083,-0.013642001
11/1/2019,11/30/2019,P.ACUCAR - CBD PN ,PCAR4<XBSP>,4,-3.410049404,-0.034100494
11/1/2019,11/30/2019,CPFL ENERGIA ON ,CPFE3<XBSP>,3,-4.330708662,-0.043307087
11/1/2019,11/30/2019,BRASIL ON ,BBAS3<XBSP>,3,0.081583436,0.000815834
11/1/2019,11/30/2019,VIA VAREJO ON ,VIIA3<XBSP>,2,18.73315364,0.187331536
11/1/2019,11/30/2019,BR MALLS PART ON ,BRML3<XBSP>,2,1.433224756,0.014332248
12/1/2019,12/31/2019,P.ACUCAR - CBD PN ,PCAR4<XBSP>,5,9.343812375,0.093438124
12/1/2019,12/31/2019,PETROBRAS PN ,PETR4<XBSP>,5,4.959621775,0.049596218
12/1/2019,12/31/2019,VIA VAREJO ON ,VIIA3<XBSP>,4,26.7877412,0.267877412
12/1/2019,12/31/2019,B3 ON ,B3SA3<XBSP>,4,-9.953897737,-0.099538977
12/1/2019,12/31/2019,JBS ON ,JBSS3<XBSP>,4,-9.41011236,-0.094101124
12/1/2019,12/31/2019,CVC BRASIL ON ,CVCB3<XBSP>,4,10.17618829,0.101761883
12/1/2019,12/31/2019,BRASIL ON ,BBAS3<XBSP>,3,10.88724365,0.108872437
12/1/2019,12/31/2019,CPFL ENERGIA ON ,CPFE3<XBSP>,3,12.53561254,0.125356125
12/1/2019,12/31/2019,LOJAS RENNER ON ,LREN3<XBSP>,3,8.624534255,0.086245343
12/1/2019,12/31/2019,VALE ON ,VALE3<XBSP>,2,9.468507707,0.094685077
1/1/2020,1/31/2020,PETROBRAS PN ,PETR4<XBSP>,8,-5.732273028,-0.05732273
1/1/2020,1/31/2020,P.ACUCAR - CBD PN ,PCAR4<XBSP>,5,-2.932116372,-0.029321164
1/1/2020,1/31/2020,VALE ON ,VALE3<XBSP>,4,-5.684803002,-0.05684803
1/1/2020,1/31/2020,MAGAZINE LUIZA ON ,MGLU3<XBSP>,4,17.06896855,0.170689685
1/1/2020,1/31/2020,CVC BRASIL ON ,CVCB3<XBSP>,3,-16.66666667,-0.166666667
1/1/2020,1/31/2020,B3 ON ,B3SA3<XBSP>,3,13.10264621,0.131026462
1/1/2020,1/31/2020,BRASIL ON ,BBAS3<XBSP>,3,-8.102991291,-0.081029913
1/1/2020,1/31/2020,VIA VAREJO ON ,VIIA3<XBSP>,2,25.33572068,0.253357207
1/1/2020,1/31/2020,ITAU UNIBANCO PN ,ITUB4<XBSP>,2,-11.50060671,-0.115006067
1/1/2020,1/31/2020,BRADESCO PN ,BBDC4<XBSP>,2,-9.02226664,-0.090222666
2/1/2020,2/29/2020,MAGAZINE LUIZA ON ,MGLU3<XBSP>,7,-9.462365591,-0.094623656
2/1/2020,2/29/2020,VIA VAREJO ON ,VIIA3<XBSP>,4,-1.357142857,-0.013571429
2/1/2020,2/29/2020,PETROBRAS PN ,PETR4<XBSP>,3,-10.9314587,-0.109314587
2/1/2020,2/29/2020,VALE ON ,VALE3<XBSP>,3,-11.85597772,-0.118559777
2/1/2020,2/29/2020,LOJAS RENNER ON ,LREN3<XBSP>,3,-7.223672759,-0.072236728
2/1/2020,2/29/2020,LOJAS AMERICANAS PN ,LAME4<XBSP>,3,-3.448275862,-0.034482759
2/1/2020,2/29/2020,BRASIL ON ,BBAS3<XBSP>,2,-2.593494068,-0.025934941
2/1/2020,2/29/2020,COGNA ON ,COGN3<XBSP>,2,-13.16695353,-0.131669535
2/1/2020,2/29/2020,HAPVIDA ON ,HAPV3<XBSP>,2,-8.107208257,-0.081072083
2/1/2020,2/29/2020,B3 ON ,B3SA3<XBSP>,2,-0.414937759,-0.004149378
3/1/2020,3/31/2020,ITAU UNIBANCO PN ,ITUB4<XBSP>,5,-27.8099109,-0.278099109
3/1/2020,3/31/2020,BRASIL ON ,BBAS3<XBSP>,4,-40.18242205,-0.401824221
3/1/2020,3/31/2020,VIA VAREJO ON ,VIIA3<XBSP>,4,-61.76683563,-0.617668356
3/1/2020,3/31/2020,HAPVIDA ON ,HAPV3<XBSP>,4,-23.1884058,-0.231884058
3/1/2020,3/31/2020,YDUQS PART ON ,YDUQ3<XBSP>,4,-57.27500482,-0.572750048
3/1/2020,3/31/2020,VALE ON ,VALE3<XBSP>,3,-2.459941323,-0.024599413
3/1/2020,3/31/2020,MAGAZINE LUIZA ON ,MGLU3<XBSP>,3,-22.8226445,-0.228226445
3/1/2020,3/31/2020,BRADESCO PN ,BBDC4<XBSP>,3,-31.92680776,-0.319268078
3/1/2020,3/31/2020,B3 ON ,B3SA3<XBSP>,3,-23.97377584,-0.239737758
3/1/2020,3/31/2020,PETROBRAS PN ,PETR4<XBSP>,3,-44.79084452,-0.447908445
4/1/2020,4/30/2020,VALE ON ,VALE3<XBSP>,6,3.794539565,0.037945396
4/1/2020,4/30/2020,MAGAZINE LUIZA ON ,MGLU3<XBSP>,6,27.46858169,0.274685817
4/1/2020,4/30/2020,BRADESCO PN ,BBDC4<XBSP>,6,1.517310292,0.015173103
4/1/2020,4/30/2020,WEG ON ,WEGE3<XBSP>,5,18.97527554,0.189752755
4/1/2020,4/30/2020,PETROBRAS PN ,PETR4<XBSP>,4,29.02072909,0.290207291
4/1/2020,4/30/2020,JBS ON ,JBSS3<XBSP>,4,19.91762707,0.199176271
4/1/2020,4/30/2020,ENGIE BRASIL ON ,EGIE3<XBSP>,4,0.513874615,0.005138746
4/1/2020,4/30/2020,BRASIL ON ,BBAS3<XBSP>,3,2.187163858,0.021871639
4/1/2020,4/30/2020,RUMO ON ,RAIL3<XBSP>,3,0.712468194,0.007124682
4/1/2020,4/30/2020,B3 ON ,B3SA3<XBSP>,3,7.019498607,0.070194986
5/1/2020,5/31/2020,VALE ON ,VALE3<XBSP>,8,18.14534106,0.181453411
5/1/2020,5/31/2020,JBS ON ,JBSS3<XBSP>,6,-7.843959732,-0.078439597
5/1/2020,5/31/2020,MAGAZINE LUIZA ON ,MGLU3<XBSP>,6,29.47686117,0.294768612
5/1/2020,5/31/2020,BRADESCO PN ,BBDC4<XBSP>,5,-0.941675341,-0.009416753
5/1/2020,5/31/2020,B3 ON ,B3SA3<XBSP>,5,18.55804269,0.185580427
5/1/2020,5/31/2020,BRASIL ON ,BBAS3<XBSP>,4,8.210526316,0.082105263
5/1/2020,5/31/2020,VIA VAREJO ON ,VIIA3<XBSP>,4,35.07625272,0.350762527
5/1/2020,5/31/2020,WEG ON ,WEGE3<XBSP>,3,4.732098147,0.047320981
5/1/2020,5/31/2020,PETROBRAS PN ,PETR4<XBSP>,3,12.68698061,0.126869806
5/1/2020,5/31/2020,P.ACUCAR - CBD ON ,PCAR3<XBSP>,3,-4.049448291,-0.040494483
6/1/2020,6/30/2020,VALE ON ,VALE3<XBSP>,9,5.509433962,0.05509434
6/1/2020,6/30/2020,MAGAZINE LUIZA ON ,MGLU3<XBSP>,7,11.34421134,0.113442113
6/1/2020,6/30/2020,B3 ON ,B3SA3<XBSP>,5,20.94401756,0.209440176
6/1/2020,6/30/2020,BRADESCO PN ,BBDC4<XBSP>,5,9.339611235,0.093396112
6/1/2020,6/30/2020,VIA VAREJO ON ,VIIA3<XBSP>,4,23.46774194,0.234677419
6/1/2020,6/30/2020,PETROBRAS PN ,PETR4<XBSP>,4,5.948869223,0.059488692
6/1/2020,6/30/2020,JBS ON ,JBSS3<XBSP>,4,-3.732362312,-0.037323623
6/1/2020,6/30/2020,BRASIL ON ,BBAS3<XBSP>,4,4.247730221,0.042477302
6/1/2020,6/30/2020,WEG ON ,WEGE3<XBSP>,3,21.08231265,0.210823127
6/1/2020,6/30/2020,BRF S.A. ON ,BRFS3<XBSP>,3,-8.084738435,-0.080847384
7/1/2020,7/31/2020,B3 ON ,B3SA3<XBSP>,7,15.46469351,0.154646935
7/1/2020,7/31/2020,VIA VAREJO ON ,VIIA3<XBSP>,7,27.49836708,0.274983671
7/1/2020,7/31/2020,PETROBRAS PN ,PETR4<XBSP>,6,3.018283788,0.030182838
7/1/2020,7/31/2020,BRASIL ON ,BBAS3<XBSP>,5,4.447900466,0.044479005
7/1/2020,7/31/2020,VALE ON ,VALE3<XBSP>,5,8.565808298,0.085658083
7/1/2020,7/31/2020,GERDAU PN ,GGBR4<XBSP>,4,8.994378514,0.089943785
7/1/2020,7/31/2020,RUMO ON ,RAIL3<XBSP>,3,-1.20053357,-0.012005336
7/1/2020,7/31/2020,LOCAWEB ON ,LWSA3<XBSP>,3,10.87962963,0.108796296
7/1/2020,7/31/2020,BRADESCO PN ,BBDC4<XBSP>,3,8.503095093,0.085030951
7/1/2020,7/31/2020,MAGAZINE LUIZA ON ,MGLU3<XBSP>,3,12.77229917,0.127722992
8/1/2020,8/31/2020,VIA VAREJO ON ,VIIA3<XBSP>,8,5.020491803,0.050204918
8/1/2020,8/31/2020,B3 ON ,B3SA3<XBSP>,6,-7.313997478,-0.073139975
8/1/2020,8/31/2020,BRASIL ON ,BBAS3<XBSP>,5,-1.447532077,-0.014475321
8/1/2020,8/31/2020,VALE ON ,VALE3<XBSP>,5,-1.696590348,-0.016965903
8/1/2020,8/31/2020,BRADESCO PN ,BBDC4<XBSP>,4,-7.496693045,-0.07496693
8/1/2020,8/31/2020,PETROBRAS PN ,PETR4<XBSP>,4,-1.396396396,-0.013963964
8/1/2020,8/31/2020,LOCAWEB ON ,LWSA3<XBSP>,3,28.26722338,0.282672234
8/1/2020,8/31/2020,MAGAZINE LUIZA ON ,MGLU3<XBSP>,3,15.49993805,0.15499938
8/1/2020,8/31/2020,ITAU UNIBANCO PN ,ITUB4<XBSP>,2,-12.17964494,-0.121796449
8/1/2020,8/31/2020,LOCALIZA ON ,RENT3<XBSP>,2,-5.282796544,-0.052827965
9/1/2020,9/30/2020,VIA VAREJO ON ,VIIA3<XBSP>,9,-15.36585366,-0.153658537
9/1/2020,9/30/2020,VALE ON ,VALE3<XBSP>,5,3.185232038,0.03185232
9/1/2020,9/30/2020,BRADESCO PN ,BBDC4<XBSP>,4,-6.32873118,-0.063287312
9/1/2020,9/30/2020,TOTVS ON ,TOTS3<XBSP>,3,-6.098406098,-0.060984061
9/1/2020,9/30/2020,PETROBRAS PN ,PETR4<XBSP>,3,-10.41571494,-0.104157149
9/1/2020,9/30/2020,B3 ON ,B3SA3<XBSP>,3,-5.164464538,-0.051644645
9/1/2020,9/30/2020,BRASIL ON ,BBAS3<XBSP>,3,-8.98768931,-0.089876893
9/1/2020,9/30/2020,MAGAZINE LUIZA ON ,MGLU3<XBSP>,3,-4.312379318,-0.043123793
9/1/2020,9/30/2020,JBS ON ,JBSS3<XBSP>,2,-7.887700535,-0.078877005
9/1/2020,9/30/2020,ITAU UNIBANCO PN ,ITUB4<XBSP>,2,-4.397705545,-0.043977055
10/1/2020,10/31/2020,B3 ON ,B3SA3<XBSP>,5,-7.198691147,-0.071986911
10/1/2020,10/31/2020,VIA VAREJO ON ,VIIA3<XBSP>,5,-1.095100865,-0.010951009
10/1/2020,10/31/2020,GERDAU PN ,GGBR4<XBSP>,5,4.855769231,0.048557692
10/1/2020,10/31/2020,WEG ON ,WEGE3<XBSP>,4,15.41856925,0.154185693
10/1/2020,10/31/2020,VALE ON ,VALE3<XBSP>,4,2.436136018,0.02436136
10/1/2020,10/31/2020,MAGAZINE LUIZA ON ,MGLU3<XBSP>,4,10.44843049,0.104484305
10/1/2020,10/31/2020,GRUPO NATURA ON ,NTCO3<XBSP>,4,-9.837668688,-0.098376687
10/1/2020,10/31/2020,BRADESCO PN ,BBDC4<XBSP>,3,3.965152708,0.039651527
10/1/2020,10/31/2020,JBS ON ,JBSS3<XBSP>,3,-5.902273827,-0.059022738
10/1/2020,10/31/2020,PETROBRAS PN ,PETR4<XBSP>,3,-3.416624171,-0.034166242
11/1/2020,11/30/2020,VIA VAREJO ON ,VIIA3<XBSP>,6,3.438228438,0.034382284
11/1/2020,11/30/2020,VALE ON ,VALE3<XBSP>,6,28.81915772,0.288191577
11/1/2020,11/30/2020,B3 ON ,B3SA3<XBSP>,6,9.951028404,0.099510284
11/1/2020,11/30/2020,PETROBRAS PN ,PETR4<XBSP>,5,31.46779303,0.31467793
11/1/2020,11/30/2020,GERDAU PN ,GGBR4<XBSP>,5,4.177558471,0.041775585
11/1/2020,11/30/2020,MAGAZINE LUIZA ON ,MGLU3<XBSP>,4,-5.075111652,-0.050751117
11/1/2020,11/30/2020,BRADESCO PN ,BBDC4<XBSP>,3,20.64550927,0.206455093
11/1/2020,11/30/2020,WEG ON ,WEGE3<XBSP>,2,-2.980350785,-0.029803508
11/1/2020,11/30/2020,JBS ON ,JBSS3<XBSP>,2,19.02313625,0.190231362
11/1/2020,11/30/2020,BRASIL ON ,BBAS3<XBSP>,2,14.28076556,0.142807656
12/1/2020,12/31/2020,PETROBRAS PN ,PETR4<XBSP>,7,13.81526104,0.13815261
12/1/2020,12/31/2020,B3 ON ,B3SA3<XBSP>,7,10.4222341,0.104222341
12/1/2020,12/31/2020,VALE ON ,VALE3<XBSP>,6,12.11538462,0.121153846
12/1/2020,12/31/2020,VIA VAREJO ON ,VIIA3<XBSP>,5,-8.957746479,-0.089577465
12/1/2020,12/31/2020,BRADESCO PN ,BBDC4<XBSP>,4,13.45313966,0.134531397
12/1/2020,12/31/2020,JBS ON ,JBSS3<XBSP>,3,2.203023758,0.022030238
12/1/2020,12/31/2020,BRASIL ON ,BBAS3<XBSP>,3,14.93882579,0.149388258
12/1/2020,12/31/2020,GERDAU PN ,GGBR4<XBSP>,2,8.94519632,0.089451963
12/1/2020,12/31/2020,CCR SA ON ,CCRO3<XBSP>,2,3.297546012,0.03297546
12/1/2020,12/31/2020,HAPVIDA ON ,HAPV3<XBSP>,2,5.825242718,0.058252427
1/1/2021,1/31/2021,B3 ON ,B3SA3<XBSP>,10,-2.641698595,-0.026416986
1/1/2021,1/31/2021,PETROBRAS PN ,PETR4<XBSP>,9,-5.822159492,-0.058221595
1/1/2021,1/31/2021,VALE ON ,VALE3<XBSP>,8,0.571755289,0.005717553
1/1/2021,1/31/2021,VIA VAREJO ON ,VIIA3<XBSP>,5,-9.096534654,-0.090965347
1/1/2021,1/31/2021,ITAU UNIBANCO PN ,ITUB4<XBSP>,4,-10.20512532,-0.102051253
1/1/2021,1/31/2021,BRADESCO PN ,BBDC4<XBSP>,4,-8.777545051,-0.087775451
1/1/2021,1/31/2021,WEG ON ,WEGE3<XBSP>,3,10.6284658,0.106284658
1/1/2021,1/31/2021,JBS ON ,JBSS3<XBSP>,3,2.197802198,0.021978022
1/1/2021,1/31/2021,BRASIL ON ,BBAS3<XBSP>,3,-12.73195876,-0.127319588
1/1/2021,1/31/2021,MAGAZINE LUIZA ON ,MGLU3<XBSP>,2,1.28256513,0.012825651
2/1/2021,2/28/2021,VALE ON ,VALE3<XBSP>,12,7.470153496,0.074701535
2/1/2021,2/28/2021,B3 ON ,B3SA3<XBSP>,7,-9.197324415,-0.091973244
2/1/2021,2/28/2021,PETROBRAS PN ,PETR4<XBSP>,7,-16.6729112,-0.166729112
2/1/2021,2/28/2021,BRADESCO PN ,BBDC4<XBSP>,6,-6.88253297,-0.06882533
2/1/2021,2/28/2021,RUMO ON ,RAIL3<XBSP>,3,-10.83743842,-0.108374384
2/1/2021,2/28/2021,VIA VAREJO ON ,VIIA3<XBSP>,3,-19.19673247,-0.191967325
2/1/2021,2/28/2021,JBS ON ,JBSS3<XBSP>,3,6.782464847,0.067824648
2/1/2021,2/28/2021,ENEVA ON ,ENEV3<XBSP>,3,8.626198083,0.086261981
2/1/2021,2/28/2021,GERDAU PN ,GGBR4<XBSP>,3,11.2688172,0.112688172
2/1/2021,2/28/2021,LOJAS RENNER ON ,LREN3<XBSP>,3,-11.59874608,-0.115987461
3/1/2021,3/31/2021,VALE ON ,VALE3<XBSP>,15,8.319445219,0.083194452
3/1/2021,3/31/2021,B3 ON ,B3SA3<XBSP>,8,2.671380218,0.026713802
3/1/2021,3/31/2021,GERDAU PN ,GGBR4<XBSP>,7,17.35992348,0.173599235
3/1/2021,3/31/2021,BRADESCO PN ,BBDC4<XBSP>,4,16.49069233,0.164906923
3/1/2021,3/31/2021,TOTVS ON ,TOTS3<XBSP>,3,-7.807520714,-0.078075207
3/1/2021,3/31/2021,MARFRIG ON ,MRFG3<XBSP>,3,26.69064748,0.266906475
3/1/2021,3/31/2021,ITAU UNIBANCO PN ,ITUB4<XBSP>,3,9.736910357,0.097369104
3/1/2021,3/31/2021,BTGP BANCO UNT ,BPAC11<XBSP>,3,-4.515938607,-0.045159386
3/1/2021,3/31/2021,JBS ON ,JBSS3<XBSP>,3,17.27343145,0.172734314
3/1/2021,3/31/2021,KLABIN S/A UNT ,KLBN11<XBSP>,3,-6.243637598,-0.062436376
4/1/2021,4/30/2021,VALE ON ,VALE3<XBSP>,15,11.27896295,0.112789629
4/1/2021,4/30/2021,GERDAU PN ,GGBR4<XBSP>,9,9.92720053,0.099272005
4/1/2021,4/30/2021,B3 ON ,B3SA3<XBSP>,8,-5.712193336,-0.057121933
4/1/2021,4/30/2021,ITAÚ UNIBANCO PN ,ITUB4<XBSP>,6,-1.314550975,-0.01314551
4/1/2021,4/30/2021,VIA VAREJO ON ,VIIA3<XBSP>,4,-1.988400994,-0.01988401
4/1/2021,4/30/2021,WEG ON ,WEGE3<XBSP>,4,-6.089055794,-0.060890558
4/1/2021,4/30/2021,PETROBRAS PN ,PETR4<XBSP>,3,1.303306322,0.013033063
4/1/2021,4/30/2021,JBS ON ,JBSS3<XBSP>,3,2.776166443,0.027761664
4/1/2021,4/30/2021,PETRO RIO ON ,PRIO3<XBSP>,3,-0.758560902,-0.007585609
4/1/2021,4/30/2021,TOTVS ON ,TOTS3<XBSP>,3,7.812963438,0.078129634
5/1/2021,5/31/2021,VALE ON ,VALE3<XBSP>,10,5.283434232,0.052834342
5/1/2021,5/31/2021,GERDAU PN ,GGBR4<XBSP>,7,0.255619178,0.002556192
5/1/2021,5/31/2021,PETROBRAS PN ,PETR4<XBSP>,6,13.75952583,0.137595258
5/1/2021,5/31/2021,B3 ON ,B3SA3<XBSP>,5,2.174757282,0.021747573
5/1/2021,5/31/2021,BRADESCO PN ,BBDC4<XBSP>,5,11.11309853,0.111130985
5/1/2021,5/31/2021,LOCALIZA ON ,RENT3<XBSP>,3,-2.529546363,-0.025295464
5/1/2021,5/31/2021,ITAÚ UNIBANCO PN ,ITUB4<XBSP>,3,7.538205061,0.075382051
5/1/2021,5/31/2021,CYRELA REALT ON ,CYRE3<XBSP>,3,1.572460689,0.015724607
5/1/2021,5/31/2021,BTGP BANCO UNT ,BPAC11<XBSP>,3,15.35962877,0.153596288
5/1/2021,5/31/2021,LOJAS RENNER ON ,LREN3<XBSP>,3,15.84158416,0.158415842
6/1/2021,6/30/2021,VALE ON ,VALE3<XBSP>,10,0.604087506,0.006040875
6/1/2021,6/30/2021,PETROBRAS PN ,PETR4<XBSP>,6,9.527353926,0.095273539
6/1/2021,6/30/2021,MAGAZINE LUIZA ON ,MGLU3<XBSP>,5,4.910714286,0.049107143
6/1/2021,6/30/2021,B3 ON ,B3SA3<XBSP>,5,-2.881513357,-0.028815134
6/1/2021,6/30/2021,GERDAU PN ,GGBR4<XBSP>,4,-10.05467801,-0.10054678
6/1/2021,6/30/2021,LOJAS RENNER ON ,LREN3<XBSP>,4,-5.284982654,-0.052849827
6/1/2021,6/30/2021,BRADESCO PN ,BBDC4<XBSP>,4,-2.764193682,-0.027641937
6/1/2021,6/30/2021,TOTVS ON ,TOTS3<XBSP>,3,9.225413403,0.092254134
6/1/2021,6/30/2021,JBS ON ,JBSS3<XBSP>,3,-3.801652893,-0.038016529
6/1/2021,6/30/2021,ITAÚ UNIBANCO PN ,ITUB4<XBSP>,3,0.931414056,0.009314141
7/1/2021,7/31/2021,VALE ON ,VALE3<XBSP>,12,-3.964679912,-0.039646799
7/1/2021,7/31/2021,PETROBRAS PN ,PETR4<XBSP>,5,-8.562691132,-0.085626911
7/1/2021,7/31/2021,B3 ON ,B3SA3<XBSP>,5,-9.334126041,-0.09334126
7/1/2021,7/31/2021,MAGAZINE LUIZA ON ,MGLU3<XBSP>,4,-2.529835399,-0.025298354
7/1/2021,7/31/2021,LOJAS RENNER ON ,LREN3<XBSP>,4,-6.624463034,-0.06624463
7/1/2021,7/31/2021,ITAÚ UNIBANCO PN ,ITUB4<XBSP>,4,1.729058251,0.017290583
7/1/2021,7/31/2021,TOTVS ON ,TOTS3<XBSP>,3,-6.082337318,-0.060823373
7/1/2021,7/31/2021,SIMPAR ON ,SIMH3<XBSP>,3,25.2247393,0.252247393
7/1/2021,7/31/2021,KLABIN UNT ,KLBN11<XBSP>,3,-7.137433561,-0.071374336
7/1/2021,7/31/2021,VIA VAREJO ON ,VIIA3<XBSP>,2,-20.26599113,-0.202659911
8/1/2021,8/31/2021,VALE ON ,VALE3<XBSP>,9,-9.268113277,-0.092681133
8/1/2021,8/31/2021,ITAÚ UNIBANCO PN ,ITUB4<XBSP>,6,2.508611883,0.025086119
8/1/2021,8/31/2021,PETROBRAS PN ,PETR4<XBSP>,4,7.058473774,0.070584738
8/1/2021,8/31/2021,VIA ON ,VIIA3<XBSP>,4,-17.47418586,-0.174741859
8/1/2021,8/31/2021,SIMPAR ON ,SIMH3<XBSP>,4,-14.71643934,-0.147164393
8/1/2021,8/31/2021,USIMINAS PNA ,USIM5<XBSP>,3,-10.11181332,-0.101118133
8/1/2021,8/31/2021,LOJAS RENNER ON ,LREN3<XBSP>,3,-7.84503632,-0.078450363
8/1/2021,8/31/2021,BTGP BANCO UNT ,BPAC11<XBSP>,3,-2.862311888,-0.028623119
8/1/2021,8/31/2021,JBS ON ,JBSS3<XBSP>,3,0.423214583,0.004232146
8/1/2021,8/31/2021,B3 ON ,B3SA3<XBSP>,3,-7.737704918,-0.077377049
9/1/2021,9/30/2021,ITAÚ UNIBANCO PN ,ITUB4<XBSP>,7,-6.45109135,-0.064510914
9/1/2021,9/30/2021,VALE ON ,VALE3<XBSP>,6,-14.71463269,-0.147146327
9/1/2021,9/30/2021,REDE DOR ON ,RDOR3<XBSP>,4,0.205881055,0.002058811
9/1/2021,9/30/2021,PETROBRAS BR ON ,VBBR3<XBSP>,3,-12.47108318,-0.124710832
9/1/2021,9/30/2021,PETRO RIO ON ,PRIO3<XBSP>,3,30.51643193,0.305164319
9/1/2021,9/30/2021,WEG ON ,WEGE3<XBSP>,2,11.50129175,0.115012917
9/1/2021,9/30/2021,LOJAS RENNER ON ,LREN3<XBSP>,2,-9.246519752,-0.092465198
9/1/2021,9/30/2021,BRADESCO PN ,BBDC4<XBSP>,2,-9.94765946,-0.099476595
9/1/2021,9/30/2021,B3 ON ,B3SA3<XBSP>,2,-8.070164231,-0.080701642
9/1/2021,9/30/2021,PETROBRAS PN ,PETR4<XBSP>,2,0.147112909,0.001471129
10/1/2021,10/31/2021,VALE ON ,VALE3<XBSP>,7,-6.072927597,-0.060729276
10/1/2021,10/31/2021,ITAÚ UNIBANCO PN ,ITUB4<XBSP>,5,-2.235197083,-0.022351971
10/1/2021,10/31/2021,REDE DOR ON ,RDOR3<XBSP>,4,-13.12030629,-0.131203063
10/1/2021,10/31/2021,ITAÚSA PN ,ITSA4<XBSP>,4,-7.989228007,-0.07989228
10/1/2021,10/31/2021,PETROBRAS PN ,PETR4<XBSP>,4,0.073448403,0.000734484
10/1/2021,10/31/2021,JBS ON ,JBSS3<XBSP>,3,5.341246291,0.053412463
10/1/2021,10/31/2021,LOJAS RENNER ON ,LREN3<XBSP>,3,-6.362579896,-0.063625799
10/1/2021,10/31/2021,ISHARES S&P 500 CI ,IVVB11<XBSP>,3,10.98039216,0.109803922
10/1/2021,10/31/2021,GERDAU PN ,GGBR4<XBSP>,2,-0.73800738,-0.007380074
10/1/2021,10/31/2021,USIMINAS PNA ,USIM5<XBSP>,2,-17.80397022,-0.178039702
11/1/2021,11/30/2021,GERDAU PN ,GGBR4<XBSP>,5,2.698699616,0.026986996
11/1/2021,11/30/2021,JBS ON ,JBSS3<XBSP>,4,-6.238734973,-0.06238735
11/1/2021,11/30/2021,ITAÚ UNIBANCO PN ,ITUB4<XBSP>,4,-2.762359031,-0.02762359
11/1/2021,11/30/2021,VALE ON ,VALE3<XBSP>,4,-2.318111996,-0.02318112
11/1/2021,11/30/2021,VIBRA ON ,VBBR3<XBSP>,3,3.717826502,0.037178265
11/1/2021,11/30/2021,TELEFÔNICA BRASIL ON ,VIVT3<XBSP>,3,10.47891037,0.104789104
11/1/2021,11/30/2021,PETROBRAS PN ,PETR4<XBSP>,3,8,0.08
11/1/2021,11/30/2021,ITAÚSA PN ,ITSA4<XBSP>,3,-4.1668561,-0.041668561
11/1/2021,11/30/2021,PETZ ON ,PETZ3<XBSP>,3,-2.983484283,-0.029834843
11/1/2021,11/30/2021,REDE DOR ON ,RDOR3<XBSP>,3,-14.9661017,-0.149661017
12/1/2021,12/31/2021,VALE ON ,VALE3<XBSP>,9,11.45103645,0.114510365
12/1/2021,12/31/2021,GERDAU PN ,GGBR4<XBSP>,5,5.658914729,0.056589147
12/1/2021,12/31/2021,BRADESCO PN ,BBDC4<XBSP>,5,-2.225123816,-0.022251238
12/1/2021,12/31/2021,BRASIL ON ,BBAS3<XBSP>,4,-8.896058936,-0.088960589
12/1/2021,12/31/2021,ITAÚ UNIBANCO PN ,ITUB4<XBSP>,4,-6.315749463,-0.063157495
12/1/2021,12/31/2021,SUZANO PAPEL ON ,SUZB3<XBSP>,3,7.033475784,0.070334758
12/1/2021,12/31/2021,VIBRA ON ,VBBR3<XBSP>,3,-1.077109305,-0.010771093
12/1/2021,12/31/2021,MULTIPLAN ON ,MULT3<XBSP>,3,-1.939087015,-0.01939087
12/1/2021,12/31/2021,PETROBRAS PN ,PETR4<XBSP>,3,8.59532436,0.085953244
12/1/2021,12/31/2021,REDE DOR ON ,RDOR3<XBSP>,3,-10.45996081,-0.104599608
1/1/2022,1/31/2022,VALE ON ,VALE3<XBSP>,12,3.732683427,0.037326834
1/1/2022,1/31/2022,GERDAU PN ,GGBR4<XBSP>,6,2.127659574,0.021276596
1/1/2022,1/31/2022,PETRO RIO ON ,PRIO3<XBSP>,4,15.72327044,0.157232704
1/1/2022,1/31/2022,BRADESCO PN ,BBDC4<XBSP>,4,18.80267069,0.188026707
1/1/2022,1/31/2022,ITAÚ UNIBANCO PN ,ITUB4<XBSP>,4,21.00886905,0.21008869
1/1/2022,1/31/2022,VIBRA ON ,VBBR3<XBSP>,3,7.009345794,0.070093458
1/1/2022,1/31/2022,SUZANO PAPEL ON ,SUZB3<XBSP>,3,-0.338619337,-0.003386193
1/1/2022,1/31/2022,MAGAZINE LUIZA ON ,MGLU3<XBSP>,3,-3.047091413,-0.030470914
1/1/2022,1/31/2022,COPEL PNB ,CPLE6<XBSP>,3,13.37856199,0.13378562
1/1/2022,1/31/2022,PETROBRAS PN ,PETR4<XBSP>,3,13.70826011,0.137082601
2/1/2022,2/28/2022,VALE ON ,VALE3<XBSP>,10,14.10906393,0.141090639
2/1/2022,2/28/2022,BRADESCO PN ,BBDC4<XBSP>,6,-10.67153228,-0.106715323
2/1/2022,2/28/2022,PETRO RIO ON ,PRIO3<XBSP>,6,7.943143813,0.079431438
2/1/2022,2/28/2022,ITAÚ UNIBANCO PN ,ITUB4<XBSP>,5,0.676686251,0.006766863
2/1/2022,2/28/2022,GERDAU PN ,GGBR4<XBSP>,5,-8.548850575,-0.085488506
2/1/2022,2/28/2022,COSAN ON ,CSAN3<XBSP>,4,-11.19057636,-0.111905764
2/1/2022,2/28/2022,WEG ON ,WEGE3<XBSP>,3,-7.948432382,-0.079484324
2/1/2022,2/28/2022,VIBRA ON ,VBBR3<XBSP>,3,3.013100437,0.030131004
2/1/2022,2/28/2022,KLABIN UNT ,KLBN11<XBSP>,3,-5.397276563,-0.053972766
2/1/2022,2/28/2022,BRASIL ON ,BBAS3<XBSP>,3,7.807715861,0.078077159
3/1/2022,3/31/2022,VALE ON ,VALE3<XBSP>,12,7.580624204,0.075806242
3/1/2022,3/31/2022,PETRO RIO ON ,PRIO3<XBSP>,8,-7.784663052,-0.077846631
3/1/2022,3/31/2022,ITAÚ UNIBANCO PN ,ITUB4<XBSP>,5,7.966454964,0.07966455
3/1/2022,3/31/2022,PETROBRAS PN ,PETR4<XBSP>,5,-1.617647059,-0.016176471
3/1/2022,3/31/2022,BRADESCO PN ,BBDC4<XBSP>,5,9.292158297,0.092921583
3/1/2022,3/31/2022,TAESA UNIT ,TAEE11<XBSP>,4,11.94521938,0.119452194
3/1/2022,3/31/2022,SUZANO PAPEL ON ,SUZB3<XBSP>,4,0.145269657,0.001452697
3/1/2022,3/31/2022,BRASIL ON ,BBAS3<XBSP>,4,1.517873254,0.015178733
3/1/2022,3/31/2022,VIBRA ON ,VBBR3<XBSP>,3,-0.890207715,-0.008902077
3/1/2022,3/31/2022,BTGP BANCO UNT ,BPAC11<XBSP>,3,1.36239782,0.013623978
4/1/2022,4/30/2022,VALE ON ,VALE3<XBSP>,11,-12.87656904,-0.12876569
4/1/2022,4/30/2022,BRASIL ON ,BBAS3<XBSP>,5,-4.265129683,-0.042651297
4/1/2022,4/30/2022,ITAÚ UNIBANCO PN ,ITUB4<XBSP>,5,-13.08099999,-0.13081
4/1/2022,4/30/2022,PETROBRAS PN ,PETR4<XBSP>,4,-1.055644354,-0.010556444
4/1/2022,4/30/2022,SUZANO PAPEL ON ,SUZB3<XBSP>,3,-10.04533092,-0.100453309
4/1/2022,4/30/2022,WEG ON ,WEGE3<XBSP>,3,-13.67938056,-0.136793806
4/1/2022,4/30/2022,JBS ON ,JBSS3<XBSP>,3,1.665323664,0.016653237
4/1/2022,4/30/2022,PETRO RIO ON ,PRIO3<XBSP>,3,12.13775725,0.121377572
4/1/2022,4/30/2022,BRADESCO PN ,BBDC4<XBSP>,3,-10.9131925,-0.109131925
4/1/2022,4/30/2022,INTER BANCO UNIT ,BIDI11<XBSP>,2,-28.44339623,-0.284433962
5/1/2022,5/31/2022,VALE ON ,VALE3<XBSP>,13,3.505823028,0.03505823
5/1/2022,5/31/2022,BRASIL ON ,BBAS3<XBSP>,8,12.19314811,0.121931481
5/1/2022,5/31/2022,PETRO RIO ON ,PRIO3<XBSP>,6,4.831460674,0.048314607
5/1/2022,5/31/2022,PETROBRAS PN ,PETR4<XBSP>,5,10.62807508,0.106280751
5/1/2022,5/31/2022,JBS ON ,JBSS3<XBSP>,4,-3.276277205,-0.032762772
5/1/2022,5/31/2022,BRADESCO PN ,BBDC4<XBSP>,3,14.13609097,0.14136091
5/1/2022,5/31/2022,ITAÚ UNIBANCO PN ,ITUB4<XBSP>,3,9.674728067,0.096747281
5/1/2022,5/31/2022,TAESA UNIT ,TAEE11<XBSP>,3,-3.188909546,-0.031889095
5/1/2022,5/31/2022,LOCALIZA ON ,RENT3<XBSP>,2,9.216843789,0.092168438
5/1/2022,5/31/2022,TOTVS ON ,TOTS3<XBSP>,2,-11.26055677,-0.112605568
6/1/2022,6/30/2022,VALE ON ,VALE3<XBSP>,13,-11.19359703,-0.11193597
6/1/2022,6/30/2022,PETRO RIO ON ,PRIO3<XBSP>,7,-21.43622722,-0.214362272
6/1/2022,6/30/2022,BRASIL ON ,BBAS3<XBSP>,5,-8.166804535,-0.081668045
6/1/2022,6/30/2022,ITAÚ UNIBANCO PN ,ITUB4<XBSP>,5,-13.28247078,-0.132824708
6/1/2022,6/30/2022,PETROBRAS PN ,PETR4<XBSP>,4,-7.085828343,-0.070858283
6/1/2022,6/30/2022,SUZANO PAPEL ON ,SUZB3<XBSP>,3,-7.121495327,-0.071214953
6/1/2022,6/30/2022,LOCALIZA ON ,RENT3<XBSP>,3,-8.883866481,-0.088838665
6/1/2022,6/30/2022,KLABIN UNT ,KLBN11<XBSP>,3,-9.579230081,-0.095792301
6/1/2022,6/30/2022,BRADESCO PN ,BBDC4<XBSP>,2,-15.13894221,-0.151389422
6/1/2022,6/30/2022,JBS ON ,JBSS3<XBSP>,2,-11.26404494,-0.112640449
7/1/2022,7/31/2022,VALE ON ,VALE3<XBSP>,15,-8.894984326,-0.088949843
7/1/2022,7/31/2022,SUZANO PAPEL ON ,SUZB3<XBSP>,4,-2.817468304,-0.028174683
7/1/2022,7/31/2022,PETROBRAS PN ,PETR4<XBSP>,4,22.26996062,0.222699606
7/1/2022,7/31/2022,ITAÚ UNIBANCO PN ,ITUB4<XBSP>,4,4.271742226,0.042717422
7/1/2022,7/31/2022,BRASIL ON ,BBAS3<XBSP>,4,7.759137208,0.077591372
7/1/2022,7/31/2022,BB SEGURIDADE ON ,BBSE3<XBSP>,3,11.67180277,0.116718028
7/1/2022,7/31/2022,PETRO RIO ON ,PRIO3<XBSP>,3,10.14097317,0.101409732
7/1/2022,7/31/2022,EQUATORIAL ON ,EQTL3<XBSP>,3,8.625218914,0.086252189
7/1/2022,7/31/2022,KLABIN UNT ,KLBN11<XBSP>,3,-1.336633663,-0.013366337
7/1/2022,7/31/2022,ASSAÍ ON ,ASAI3<XBSP>,3,11.0721794,0.110721794
