,ret,ret,ret,ret,ret,ret,ret,ret,ret,ret,ret,ret,ret,ret,ret,ret,ret,ret,ret,ret,ret,ret,ret,ret,ret,ret,ret,ret,ret,ret,ret,ret,ret,ret,ret,ret,ret,ret,ret,ret,ret,ret,ret,ret,ret,ret,ret,ret,ret,ret,ret,ret,ret,ret,ret,ret,ret,ret,ret,ret,ret,ret,ret,ret,ret,ret,ret,ret,ret,ret,ret,ret,ret,ret,ret,ret,ret,ret,ret,ret,ret,ret,ret,ret,ret,ret,ret,ret,ret,ret,ret
ticker,ABEV3<XBSP>,AESB3<XBSP>,ASAI3<XBSP>,B3SA3<XBSP>,BBAS3<XBSP>,BBDC4<XBSP>,BBSE3<XBSP>,BEEF3<XBSP>,BIDI11<XBSP>,BPAC11<XBSP>,BRFS3<XBSP>,BRKM5<XBSP>,BRML3<XBSP>,BRPR3<XBSP>,CCRO3<XBSP>,CIEL3<XBSP>,CMIG4<XBSP>,COCE5<XBSP>,COGN3<XBSP>,CPFE3<XBSP>,CPLE6<XBSP>,CRFB3<XBSP>,CSAN3<XBSP>,CSNA3<XBSP>,CVCB3<XBSP>,CYRE3<XBSP>,DASA3<XBSP>,ECOR3<XBSP>,EGIE3<XBSP>,EMBR3<XBSP>,ENBR3<XBSP>,ENEV3<XBSP>,EQTL3<XBSP>,EVEN3<XBSP>,GGBR4<XBSP>,HAPV3<XBSP>,HYPE3<XBSP>,IRBR3<XBSP>,ITSA4<XBSP>,ITUB4<XBSP>,IVVB11<XBSP>,JBSS3<XBSP>,KLBN11<XBSP>,KLBN4<XBSP>,LAME4<XBSP>,LREN3<XBSP>,LWSA3<XBSP>,MDIA3<XBSP>,MGLU3<XBSP>,MRFG3<XBSP>,MRVE3<XBSP>,MULT3<XBSP>,MYPK3<XBSP>,NTCO3<XBSP>,OIBR4<XBSP>,PCAR3<XBSP>,PCAR4<XBSP>,PDGR3<XBSP>,PETR3<XBSP>,PETR4<XBSP>,PETZ3<XBSP>,POMO4<XBSP>,PRIO3<XBSP>,QUAL3<XBSP>,RADL3<XBSP>,RAIL3<XBSP>,RAPT4<XBSP>,RDOR3<XBSP>,RENT3<XBSP>,SBSP3<XBSP>,SEER3<XBSP>,SIMH3<XBSP>,SMLS3<XBSP>,SMTO3<XBSP>,SUZB3<XBSP>,TAEE11<XBSP>,TEND3<XBSP>,TIMS3<XBSP>,TOTS3<XBSP>,TRPL4<XBSP>,TUPY3<XBSP>,UGPA3<XBSP>,USIM5<XBSP>,VALE3<XBSP>,VBBR3<XBSP>,VIIA3<XBSP>,VIVT3<XBSP>,VIVT4<XBSP>,VLID3<XBSP>,WEGE3<XBSP>,YDUQ3<XBSP>
data_end,,,,,,,,,,,,,,,,,,,,,,,,,,,,,,,,,,,,,,,,,,,,,,,,,,,,,,,,,,,,,,,,,,,,,,,,,,,,,,,,,,,,,,,,,,,
2019-08-31,-0.070044709,-0.056696828,,0.061863001,-0.051622633,-0.04439735,0.032921312,-0.015081206,0.207905138,-0.008825844,0.141574379,-0.170975323,-0.051207808,0.09561753,0.086956522,0.070441989,0.043847242,0.011616162,-0.195015406,0.005274589,0.060020346,-0.037532829,-0.017492138,-0.131276467,0.043247494,0.032377049,,0.052631579,-0.068158276,-0.070429829,0.041990669,0.03748068,0.013439153,0.155102041,-0.058804124,0.23708134,0.065937707,0.142105263,0.012499424,-0.002424401,0.065807943,0.190361446,-0.050040351,-0.004774266,0.031955923,0.065107459,,-0.07487861,0.100864553,0.259426848,-0.028599606,-0.084536809,-0.106733852,0.078633317,-0.046511628,,-0.064029931,-0.190697674,-0.0109592,-0.014555486,,-0.049868766,-0.039772727,0.286678668,0.108782074,0.008211679,-0.045408678,,0.069090909,-0.031835206,-0.098443245,0.014705882,-0.061628202,-0.117268679,-0.051842191,0.036010129,0.007054512,0.019125336,0.114785928,0.048622031,-0.081728267,-0.164712887,-0.097142857,-0.085123469,0.082706767,0.001295337,0.021555556,0.026195029,-0.241288626,-0.055415617,-0.082798834
2019-09-30,0.028311966,0.020920502,,-0.019083383,-0.011420913,0.030037892,0.072237527,0.153121319,-0.071498691,-0.00051212,0.001573152,0.152374203,0.068991098,0.071818182,0.061538462,0.036188975,-0.029132791,-0.001331336,0.109126984,0.015123457,-0.047792706,-0.056053812,0.064212843,-0.059251485,0.052383644,-0.045256054,,0.137096774,-0.013116941,-0.002228412,-0.024875622,0.142271881,0.047196408,-0.072438163,0.022533023,0.041384645,0.042275412,0.041290323,0.074164629,0.03257185,0.025100713,0.106275304,0.021912351,0.017361111,0.065670048,5.05289e-06,,-0.033149171,0.02066685,0.319760479,-0.104568528,0.110042324,-0.016410256,0.026371628,-0.12804878,,-0.088624943,0.036398467,0.066501592,0.080392157,,-0.094170034,0.030769231,0.087792935,0.042672265,0.108597285,0.013742072,,-0.031382219,-0.040618956,-0.047659574,-0.005797101,0.027027027,0.062219731,0.157152682,0.024911032,-0.027624309,-0.031707317,0.071640683,-0.004032258,0.017573696,0.126065773,-0.011392405,0.04783849,-0.044097222,0.02457956,-0.027191647,0.023663127,0.197573657,0.078696251,0.146853147
2019-10-31,-0.097142857,-0.040163934,,0.108870044,0.05847439,0.069321387,-0.030259777,0.056179775,-0.086344125,0.109479078,-0.070418848,-0.124222878,0.065232477,0.030534351,-0.021548084,-0.055,-0.047452896,0.049825029,-0.135062612,0.003952569,0.122152792,-0.09216152,0.086278195,-0.10808768,-0.082721576,0.11975052,,-0.024822695,0.019599009,-0.021217197,-0.032142857,0.071731334,0.015854023,0.160952381,0.020516717,0.04549675,0.031642294,0.003451938,0.040212443,0.034699415,-0.017533253,-0.137236962,0.027940221,0.037542662,0.001503006,0.00554785,,0.078571429,0.207498165,-0.024500907,-0.002834467,0.017209011,-0.090719499,-0.079740106,-0.083916084,-0.094444444,0.039974937,-0.027726433,0.084577114,0.103085299,,0.116923077,0.061997704,0.143527945,0.148105626,-0.069387755,0.079249218,,-0.050153982,0.101209677,0.064789991,0.148688047,-0.026315789,-0.073350923,-0.030014859,0.002777778,-0.041801948,-0.027786013,0.078628334,-0.045748988,0.065738162,0.02055165,-0.070422535,-0.011518325,0.027243008,-0.063131313,-0.004919499,-0.033855115,-0.039073806,0.052414362,0.08786031
2019-11-30,0.038550058,0.104577054,,-0.013642001,0.000815834,-0.050663393,0.014130115,0.421663443,-0.131274131,0.081434729,0.030695579,0.010469314,0.014332248,0.059259259,0.045620438,0.033909224,-0.043956044,0.0,0.060469124,-0.043307087,0.136159511,-0.015698587,0.074580377,0.06440678,-0.216474722,-0.003341998,,0.047272727,0.033362793,0.026811181,0.048497628,0.159111652,0.012956419,0.025430681,0.269145154,-0.010657194,-0.02972028,-0.011684354,-0.032093363,-0.039072208,0.104615385,0.006716154,0.138864207,0.147811076,0.114557279,0.020689655,,-0.123708609,0.008736559,-0.004651163,0.021379736,-0.009928107,0.109518349,0.06721747,-0.045801527,0.055214724,-0.034100494,-0.062737643,-0.04007843,-0.034461097,,-0.016528926,0.257297297,0.153605016,0.027181818,0.071491228,0.042512077,,0.043075498,0.050897107,-0.021821234,0.085786802,-0.060540541,0.190205011,0.181372549,-0.000898561,0.015510808,0.185639229,0.038856776,-0.028151291,0.029796132,0.155802862,0.172176309,0.058898305,0.005657709,0.187331536,0.040449438,0.059721176,0.056440527,0.192941176,0.080509554
2019-12-31,0.061515408,0.280836828,,-0.099538977,0.108872437,0.101249593,0.094339623,-0.126530612,0.037021219,0.083701068,-0.038251366,0.066452304,0.159922929,0.125097125,0.104130308,0.073076923,0.078295472,-0.009365079,0.115121951,0.125356125,0.13228776,0.241360978,0.120289855,0.123407643,0.101761883,0.147366162,0.154430886,0.131944444,0.122805806,0.096111111,0.111111111,0.14671916,0.104166667,0.2448,0.176470588,0.147217235,0.080971062,0.049016967,0.063861666,0.067678452,-0.034052925,-0.094101124,0.049589121,0.045769747,0.17473207,0.086245343,,0.153264813,0.059293804,-0.069158879,0.250203191,0.144536653,0.208268734,0.167572464,-0.016,,0.093438124,0.498985801,0.025641026,0.049596218,,0.260504202,0.421324162,0.008152174,-0.010498906,0.068358576,0.258220468,,0.107586476,0.055052265,0.19047619,0.251519402,0.129746835,0.152662917,0.029045643,0.108340184,0.266890474,0.157311669,0.00108414,0.027264372,0.284263959,0.168271435,0.117508813,0.094685077,0.075318135,0.267877412,0.059179266,0.030755556,0.267164179,0.140668908,0.120018863
2020-01-31,-0.043920728,-0.051026758,,0.131026462,-0.081029913,-0.090222666,-0.04358725,-0.070872274,0.011585497,-0.006674987,-0.132102273,0.056951424,0.018826135,0.075276243,-0.038988409,-0.152121217,0.084118927,-0.000160231,0.016622922,0.076511955,0.062979586,-0.03254818,0.145608739,-0.085754784,-0.166666667,0.0710677,,0.087730061,0.024606299,-0.080587937,0.029489353,0.000915541,0.046072839,0.075192802,0.0025,-0.057764641,-0.003362286,0.150962773,-0.087295955,-0.115006067,0.067695191,0.068992248,0.127104834,0.149295775,0.06388685,0.022423919,,0.084189962,0.170689685,0.101405622,-0.031554524,0.052532151,-0.071000855,0.230411171,0.097560976,,-0.029321164,0.041948579,-0.0515625,-0.05732273,,0.075555556,0.449788264,0.117520216,0.112683626,-0.111111111,0.014925373,,0.13119595,0.007265522,0.101621622,0.168509768,-0.013326878,0.056913997,-0.000252016,-0.007055805,0.185160649,0.075537298,0.156467854,-0.016829052,-0.016205534,-0.008634223,0.012618297,-0.05684803,-0.042234786,0.253357207,0.08448367,0.039098961,0.034746761,0.137045586,0.109684211
2020-02-29,-0.185434174,-0.002622951,,-0.004149378,-0.025934941,-0.069374634,-0.034780841,-0.025984912,-0.015906681,-0.0992,-0.114893617,-0.14770206,-0.111956522,-0.114964676,-0.104714912,-0.031117397,-0.066220736,0.00625,-0.131669535,-0.071596551,-0.023290656,-0.084108012,-0.081932246,-0.133333333,-0.295068493,-0.061949686,,-0.10998308,-0.086839577,-0.065049614,-0.08590604,-0.022410245,0.034395973,-0.142857143,-0.155610973,-0.081072083,-0.035704245,-0.258309168,-0.033762092,0.005224575,-0.044159352,-0.176939811,-0.071284925,-0.043089043,-0.034482759,-0.072236728,,-0.002190314,-0.094623656,0.100273473,-0.066123622,-0.119953864,-0.104972376,-0.043505675,-0.022222222,-0.132275132,-0.152444758,-0.235064935,-0.105436573,-0.109314587,,0.022310003,-0.17796787,-0.173902557,-0.034777009,-0.089655172,-0.141176471,,-0.076263285,-0.036885246,-0.156035329,-0.108108108,-0.148128898,0.056641404,-0.038568188,-0.031330749,-0.019843488,-0.037014925,-0.048760884,-0.007207207,-0.120530333,-0.235068979,-0.151609553,-0.118559777,-0.09375,-0.013571429,-0.071987779,-0.101195487,-0.164484917,0.098600631,-0.01555682
2020-03-31,-0.180192572,-0.137409599,,-0.239737758,-0.401824221,-0.319268078,-0.21978022,-0.315834768,-0.319181034,-0.507992895,-0.44193787,-0.359613239,-0.389228886,-0.335268505,-0.281690141,-0.351824818,-0.361747851,-0.230769231,-0.603567889,-0.243737686,-0.253939478,-0.002899952,-0.265272653,-0.375670841,-0.568596969,-0.526315789,0.071428571,-0.401140684,-0.181148748,-0.4375,-0.203132648,-0.187134503,-0.286293593,-0.573919107,-0.405325444,-0.231884058,-0.15857803,-0.70887218,-0.268557131,-0.278099109,0.021616276,-0.103964758,-0.169350649,-0.174358974,-0.323308271,-0.369094009,-0.154929577,-0.290243902,-0.228226445,-0.266777133,-0.371985634,-0.374836173,-0.407683314,-0.43441002,-0.295454545,-0.19097561,,-0.407470289,-0.479189687,-0.447908445,,-0.490254529,-0.576142132,-0.310948905,-0.149445027,-0.069602273,-0.533390411,,-0.46780005,-0.334297872,-0.413565891,-0.532828283,-0.623245882,-0.442053605,-0.061615102,-0.138712904,-0.412033077,-0.228766274,-0.342627799,-0.139292196,-0.400639561,-0.343291405,-0.397796818,-0.024599413,-0.405747126,-0.617668356,0.044374518,-0.070751733,-0.369209809,-0.221288865,-0.572750048
2020-04-30,-0.048657718,0.105182927,,0.070194986,0.021871639,0.015173103,0.068410463,0.542138365,-0.126922742,0.272563177,0.284956925,0.227642276,0.006012024,-0.036419821,0.077848351,-0.085585586,0.068462402,0.067268552,0.385,0.080759211,0.01682243,-0.030538051,0.122395833,0.283667622,0.243243243,0.125973107,-0.066666667,0.11005291,0.005138746,-0.093291405,0.056836833,0.035395683,0.041477273,0.103109656,0.168159204,0.237174218,0.01713886,0.055785124,0.02622577,-0.013217768,0.178951736,0.199176271,0.113821138,0.096273292,0.382222222,0.144480147,0.264444444,0.099656357,0.274685817,0.450847458,0.237745098,0.094863732,0.153357532,0.37995338,0.075268817,-0.001808863,,0.074498567,0.318953324,0.290207291,,0.157894737,0.224550898,0.098305085,0.029390515,0.007124682,0.559633028,,0.3,0.059455006,0.123595506,0.451737452,0.156275304,0.292286874,0.101145571,0.064653504,0.127061106,0.025723473,0.269966137,0.036098456,0.12804878,0.157222666,-0.015306315,0.037945396,0.259187621,0.738636364,-0.081491785,-0.075131445,-0.036717063,0.189752755,0.394772831
2020-05-31,0.100529101,-0.049607485,,0.185580427,0.082105263,-0.009416753,-0.047834275,0.092169657,0.220930233,0.154609929,0.192882929,0.312204352,-0.022908367,-0.012585812,0.190283401,0.007389163,0.134453782,0.043354943,-0.050541516,0.11053719,0.163602941,-0.075185912,0.091315877,0.15304864,0.043478261,0.065367693,-0.071428571,0.253574833,0.084100204,-0.173410405,0.039411765,0.061423013,0.093835243,0.070079011,0.1439523,0.046147979,0.107977992,-0.187866928,-0.015555556,0.01252472,0.030205279,-0.078439597,0.10668164,0.107648725,0.135450161,0.004167752,0.151142355,0.1290625,0.294768612,0.014797508,0.001320132,-0.009573959,0.086546027,0.046815832,0.1,-0.040494483,,-0.085333333,0.117426273,0.126869806,,-0.076923077,0.514914425,-0.084727779,0.044474136,0.138453765,0.035294118,,0.125475285,0.355289421,-0.141149763,0.085139371,-0.154061625,0.017277487,-0.039330119,0.071641361,0.079604131,0.067398119,0.019949281,0.070509521,0.025,0.180689655,0.28125,0.181453411,0.108038914,0.350762527,0.035330207,0.062172464,0.221973094,0.047320981,-0.061614498
2020-06-30,0.133012821,0.156226971,,0.209440176,0.042477302,0.093396112,0.078718354,-0.017923824,0.226190476,0.566339066,-0.080847384,-0.162941601,0.027522936,0.033603708,-0.013605442,0.129584352,0.02037037,0.106601942,0.256653992,-0.049302326,-0.039178515,0.068144943,0.099928156,0.034883721,0.259722222,0.348082596,0.023076923,-0.013688213,-0.00754539,0.131468531,-0.014148274,0.177795234,0.158104738,0.566572238,0.192107223,0.133248268,0.04258588,0.325301205,0.084841629,0.105320304,0.034557358,-0.037323623,0.031456114,0.04859335,0.139115044,0.086137406,0.648854962,0.123996679,0.113442113,-0.032233308,0.186552406,-0.00918318,-0.020999276,0.073157612,0.363636364,0.127024452,,0.457725948,0.071976967,0.059488692,,0.109848485,0.142349903,0.222596965,0.012147814,-0.001775411,0.092045455,,0.065349204,0.062223859,0.03021978,0.139626352,0.217715232,0.091610911,-0.028262018,-0.015416959,0.235950578,0.042584435,0.151168573,0.005288462,0.259063942,0.073598131,0.182113821,0.05509434,-0.004158965,0.234677419,0.033746262,0.018879932,-0.010091743,0.210823127,0.181530899
2020-07-31,-0.016973126,-0.033779477,,0.154646935,0.044479005,0.085030951,0.020535387,0.03269962,0.474664271,0.137187925,-0.026340546,-0.018087855,-0.017857143,0.039237668,0.031724138,0.162337662,0.08892922,0.166871381,0.252647504,0.083235286,0.091417297,0.136202532,0.274675691,0.147003745,0.218634704,0.211810478,,0.119506554,0.096935139,-0.059332509,0.065442021,0.119831036,0.113848223,0.336347197,0.089943785,0.047772237,0.084684685,-0.215957125,0.11261731,0.057204639,0.010785824,0.018439716,0.016232169,0.0,0.059664388,-0.016028708,0.108796296,-0.037675449,0.127722992,0.142743854,0.063333333,0.031219512,-0.049556213,0.178947368,0.986666667,0.00028177,,-0.088,0.026407593,0.030182838,,0.017064846,0.118677593,-0.034482759,0.121858615,-0.012005336,0.222684703,,0.244683451,0.054592721,0.042,0.242881795,0.038069341,0.009429514,0.141614569,0.030604982,0.083077895,0.10915493,0.115766739,0.08553148,-0.047120419,0.0304679,0.11829436,0.085658083,0.053364269,0.274983671,0.097282019,0.108883475,0.020389249,0.33329899,0.007132244
2020-08-31,-0.114388489,0.028096727,,-0.073139975,-0.014475321,-0.07496693,-0.02255048,-0.036082474,0.068669528,-0.070469799,-0.053623188,-0.06622807,-0.062626263,-0.011866235,-0.108957219,-0.150837989,-0.066989365,-0.075338346,-0.311594203,-0.084713376,-0.069297981,-0.117740442,-0.07909292,0.241632653,-0.120192308,-0.120714807,,-0.110192837,-0.059784798,-0.035479632,0.00700431,-0.017272186,-0.091265178,-0.120433018,0.093982808,-0.006294136,-0.123754153,-0.090047098,-0.114374378,-0.121796449,0.127776568,0.04178273,0.243949661,0.229268293,-0.053665689,0.056892779,0.282672234,-0.091351075,0.15499938,0.235253296,-0.061128527,-0.015137181,-0.105058366,0.048894558,-0.201342282,-0.105492958,,-0.120614035,-0.016740088,-0.013963964,,-0.053691275,0.058095479,0.115714286,-0.131345689,0.01710171,-0.078968616,,-0.052827965,-0.215283484,-0.081893794,0.09788268,-0.023571231,0.139289768,0.195238095,0.001931176,-0.081412751,-0.090793651,0.120247949,-0.049245785,-0.071428571,0.026399155,0.248462485,-0.016965903,-0.038688518,0.050204918,-0.077245053,-0.091358025,-0.070844687,-0.040534521,-0.204780171
2020-09-30,0.018683997,-0.022666667,,-0.051644645,-0.089876893,-0.063287312,-0.079984837,-0.103132162,-0.161569354,-0.093115897,-0.061766207,-0.023485204,-0.096982759,-0.017467249,-0.049512378,-0.138157895,-0.033588299,-0.026020491,-0.09122807,-0.041057759,0.003722888,0.048081841,-0.179219219,0.084812623,-0.118579235,-0.036084612,-0.171428571,-0.083591331,-0.053483462,-0.14986376,-0.068485821,-0.028282828,-0.087068966,-0.143076923,0.089575694,-0.037822311,-0.057819905,0.050490884,-0.064824655,-0.043977055,-0.015302921,-0.078877005,-0.073929961,-0.067460317,-0.120235513,-0.086061365,-0.029785156,-0.03801746,-0.043123793,-0.143258427,-0.104618809,-0.066762728,0.191304348,0.036278881,0.016806723,0.098094788,,-0.067331671,-0.114247312,-0.104157149,,-0.04964539,-0.167104321,0.088028169,0.087679942,-0.156637168,0.134203169,,0.176974843,-0.019895288,-0.013240418,-0.196648751,-0.009943182,-0.098882913,-0.092629482,-0.008862106,-0.070544664,-0.087988827,-0.060984061,0.01679888,0.027810651,-0.008744856,-0.01182266,0.03185232,-0.055763824,-0.153658537,-0.083094176,-0.084127774,-0.157380254,0.017258859,0.017068646
2020-10-31,-0.028708134,0.002728513,,-0.071986911,0.006076975,0.039651527,-0.024309848,-0.15076661,-0.063559322,-0.004804393,-0.087051143,0.098605099,-0.026252983,-0.036666667,-0.106288077,-0.142493639,0.014851485,-0.003172483,-0.171814672,0.011248186,-0.004031608,-0.099560761,-0.048880433,0.244848485,-0.238685679,-0.019363167,-0.120689655,-0.15625,-0.011400248,-0.033653846,-0.023549684,0.093555094,-0.059017941,-0.074506284,0.048557692,0.035886707,-0.055499579,-0.18024032,0.032954545,0.044251723,-0.006765369,-0.059022738,-0.002521008,0.008510638,-0.181754139,-0.055485498,0.160040262,-0.050058548,0.104484305,-0.09704918,0.067589342,-0.02367473,-0.030656934,-0.098376687,-0.173553719,-0.111700602,,-0.064171123,-0.038947901,-0.034166242,0.241258741,-0.085820896,-0.102321582,-0.058536912,0.027327071,-0.037775446,0.04272802,,0.070760543,-0.091880342,-0.060734463,0.011019284,0.035150646,-0.033516988,0.098792536,0.006795422,-0.053558844,-0.077791618,-0.003690037,0.078935291,0.086355786,-0.149974053,0.086739781,0.02436136,-0.048138958,-0.010951009,-0.032645659,-0.020267158,-0.153132251,0.154185693,-0.163808829
2020-11-30,0.147783251,0.114245576,,0.099510284,0.142807656,0.206455093,0.206081081,0.031592903,0.433798938,0.092689655,0.312872467,-0.010507881,0.199754902,0.212226067,0.168458781,0.053412463,0.232195122,-0.063651591,0.093240093,0.124865447,0.105408031,0.0899729,0.193106632,0.14459591,0.484527687,0.187362878,0.137254902,0.204204204,0.061418902,0.343283582,0.091176471,0.107224335,0.093326643,0.208535403,0.041775585,0.120086997,0.150896057,0.07980456,0.163916392,0.217131899,0.036525173,0.190231362,0.056444819,0.052742616,-0.012914335,0.19305741,-0.043528561,0.000308166,-0.050751117,0.066085694,0.123442136,0.195044808,0.164909639,0.093492408,0.51,0.117836965,,0.12,0.344736842,0.31467793,0.070422535,0.134693878,0.601851852,0.042098649,0.07439734,0.033805889,0.158392435,,0.10777851,0.048,0.095222194,0.153756325,0.378378378,0.262044052,0.128871129,0.225873711,0.070755036,0.138396624,-0.009259259,0.181481143,0.13672496,0.241147741,0.252293578,0.288191577,0.070385819,0.034382284,0.054411703,,0.323287671,-0.029803508,0.440663176
2020-12-31,0.149055639,0.0252971,,0.104222341,0.149388258,0.134531397,0.037464986,0.014955135,0.350850714,0.186569048,0.000453926,0.042920354,0.011235955,-0.058039962,0.03297546,0.143465293,0.152810768,0.073345259,-0.012793177,0.038277512,0.144221837,-0.035803083,-0.023342791,0.354742663,0.128908393,0.145816647,0.25,0.111388196,0.058868617,0.092592593,0.059299191,0.066277473,0.062872877,-0.035313002,0.089451963,0.058252427,0.075671995,0.233785822,0.120701481,0.110325887,0.000190476,0.022030238,0.055422648,0.044088176,0.146532926,-0.023867486,0.219093482,0.063497095,0.068262861,-0.011580381,0.001056524,0.057773245,0.001939237,0.041460028,-0.066225166,0.083754513,,0.010204082,0.129158513,0.13815261,0.007029382,0.039882276,0.399043253,0.05456738,-0.03024887,0.014767932,0.104098622,,0.027084236,-0.002245173,0.084722222,0.196693657,0.205314141,0.045471914,0.036106195,0.011376153,0.055594406,0.104411931,0.077479306,0.052985263,-0.022377622,0.167732415,0.07032967,0.121153846,0.098844406,-0.089577465,0.059060781,,-0.027950311,0.03001705,-0.003028468
2021-01-31,-0.029903282,0.018753781,,-0.026416986,-0.127319588,-0.087775451,-0.066486669,-0.084565731,0.343321483,0.018415313,-0.037205082,0.027577429,-0.035353535,-0.090909091,-0.100222717,0.0275,-0.040244344,-0.0785,-0.023758099,-0.044239631,-0.128903122,-0.018050542,-0.00884722,-0.045525903,-0.074829932,-0.130597015,1.379960839,-0.092744951,-0.022303141,-0.006779661,-0.004518598,0.00805153,-0.027633851,-0.056572379,-0.049079755,0.127147474,-0.057226277,-0.119804401,-0.093749133,-0.102051253,0.047419539,0.021978022,0.061579146,0.047984645,-0.073800915,-0.04754249,0.270287064,-0.115091016,0.012825651,-0.084079945,0.013086914,-0.099022524,-0.097419355,-0.06552381,-0.056737589,0.005729514,,0.419191919,-0.052686308,-0.058221595,0.12565445,0.013937282,0.004274113,-0.107580343,-0.004792332,0.055093555,-0.134950249,-0.03615198,-0.073531545,-0.080333033,-0.050829414,0.001573265,-0.084434968,0.088815789,0.059959002,-0.03720372,-0.037098377,-0.092150171,-0.011142061,-0.052499101,0.007629948,-0.082561078,-0.09650924,0.005717553,0.051061907,-0.090965347,-0.027956989,,-0.068553777,0.106284658,0.019137303
2021-02-28,-0.072137657,-0.085510689,,-0.091973244,-0.158879136,-0.06882533,-0.065088828,0.045258621,0.17489603,0.069331931,0.019792648,0.290668869,-0.12565445,-0.095555556,-0.071782178,-0.122934328,-0.127007299,-0.092602641,-0.172566372,-0.072324012,-0.102634804,-0.00157563,0.084465761,0.08125,-0.131827731,-0.032383925,-0.127906977,-0.090684254,-0.042132216,0.391353811,-0.066355625,0.086261981,-0.107460036,-0.119047619,0.112688172,-0.097262667,0.015174977,-0.166666667,-0.062205467,-0.092857331,0.05,0.067824648,0.048754448,0.076923077,0.03403902,-0.115987461,0.126198396,-0.050099536,-0.043134151,0.045899172,-0.114736842,-0.071698113,-0.10007148,-0.05890746,-0.135338346,0.099629041,,-0.09252669,-0.189535309,-0.166729112,-0.024186047,-0.137457045,0.186125692,0.015429122,-0.067817014,-0.108374384,-0.062544932,0.051750381,-0.092047589,-0.099584047,-0.164513936,0.060734463,-0.022822543,0.048002685,0.179210314,-0.047990028,-0.121087031,-0.037593985,0.104929577,-0.063747302,0.005679129,-0.112947658,0.23030303,0.074701535,-0.143594153,-0.191967325,-0.026548673,,-0.118466899,-0.068504595,-0.102235469
2021-03-31,0.090584879,0.131308452,4.023267067,0.026713802,0.0908511,0.164906923,-0.046401888,0.051546392,0.008825663,-0.045159386,0.165434381,0.269673704,0.211976048,0.062514876,0.148444444,0.033333333,0.089464883,0.112019135,0.064171123,0.054054054,0.217138955,0.221462388,0.123095823,0.153027076,0.192982456,-0.006048387,-0.043533333,0.062556664,0.016524909,0.145543745,0.098833981,-0.017647059,0.233830846,0.033033033,0.173599235,-0.04,-0.013462411,0.021666667,0.042814968,0.097369104,0.052813853,0.172734314,-0.062436376,-0.068027211,-0.102368527,0.163837435,-0.206045865,0.072301781,-0.162944582,0.266906475,0.082045184,0.244410569,-0.044479746,0.042668399,0.165217391,-0.514204918,,0.056707276,0.080812641,0.083633094,-0.056720686,0.115537849,0.10369573,-0.039252928,0.079974821,0.11878453,0.050613497,-0.060636758,0.031347204,0.119565217,0.0,-0.00505992,0.207175729,-0.049967969,-0.063140631,0.273977087,0.017221135,-0.01015625,-0.078075207,0.092909436,-0.018823529,0.123370427,0.052955665,0.083194452,0.108433735,0.0168492,0.0072623,,0.194993412,-0.039973368,-0.113213811
2021-04-30,-0.022890778,-0.21091954,0.099829563,-0.057121933,-0.026600985,-0.019263488,-0.079175258,0.014113063,0.478527216,0.110252447,-0.175654243,0.322751323,-0.059288538,0.060234434,-0.061575799,-0.072580645,0.062164236,0.068458237,-0.027638191,-0.035174227,-0.032393581,-0.048917367,-0.014876395,0.297889182,0.215517241,-0.002905111,-0.597825329,0.026450512,-0.027731293,0.099214847,-0.013884307,-0.121556886,0.011693548,-0.011118732,0.099272005,-0.029569892,0.082110521,-0.006525285,-0.023122429,-0.01314551,0.015625,0.027761664,0.008324285,0.005474453,-0.067084079,-0.050514765,0.259080963,-0.13138152,-0.010375494,0.113457508,-0.031818325,-0.05961617,0.131338321,0.012463648,-0.111940299,0.227546715,,0.054104478,-0.002327839,0.013033063,0.221323901,-0.067857143,-0.007585609,-0.108731466,0.049481245,-0.012345679,0.041513949,0.108968905,0.076510966,0.048093354,0.048820179,0.164096326,0.006103286,0.050910317,0.001750547,0.073997945,-0.00346287,-0.037884767,0.078129634,0.065929728,0.123261391,-0.004714757,0.320465445,0.112789629,0.092476217,-0.01988401,0.001335177,,0.058434399,-0.060890558,0.112953082
2021-05-31,0.201472557,0.02966162,0.105822722,0.021747573,0.144227608,0.111130985,0.0479176,0.023760331,-0.115278377,0.153596288,0.239057239,-0.046285714,0.174369748,0.070234114,0.144518272,0.231543588,0.144612277,-0.007839721,0.090439276,0.030947635,0.019169329,0.031307551,0.050111471,-0.074521433,0.03838131,0.015724607,0.000866551,0.038237739,-0.003086848,0.122077922,-0.007450772,0.258350375,0.014772261,0.087991718,0.002556192,0.108228469,0.050201962,-0.024630542,0.081354993,0.075382051,-0.036437247,0.004316069,-0.054558507,-0.067150635,-0.046500479,0.158415842,-0.090719499,0.100300526,0.006490265,-0.052604435,0.002305476,0.114198871,0.218221896,0.057652852,-0.050420168,0.024245266,,0.228318584,0.153679654,0.137595258,-0.034077677,0.026819923,0.077200262,0.162363712,0.07148289,0.0335,0.06038821,-0.023365786,-0.025295464,-0.085320243,0.164569373,0.20110957,0.052263182,0.104266923,-0.115625455,-0.003907905,-0.064623134,-0.001640689,0.108360129,-0.00962963,0.050384287,-0.085741355,-0.115137767,0.052834342,0.146157263,0.097210482,0.027097576,,0.025,-0.02456441,0.124401914
2021-06-30,-0.04902507,-0.005010737,-0.032532141,-0.028815134,-0.036020184,-0.027641937,-0.012820513,-0.054490414,0.138445778,-0.018020917,0.060947205,0.189334931,-0.093023256,-0.044791667,-0.02394775,-0.135391924,-0.106774669,0.071115013,0.026066351,-0.062695925,-0.070532915,-0.058755912,0.025246042,-0.020703473,0.158474419,-0.023430962,0.06978355,-0.050440352,-0.016084443,0.092013889,-0.052010724,-0.080173348,0.00283057,0.012961897,-0.10054678,-0.036875,-0.053021978,-0.028619529,0.028597786,0.009314141,-0.023109244,-0.038016529,0.0,-0.025291829,0.08496732,-0.052849827,0.03440367,0.115524217,0.049107143,0.041916168,-0.060954572,-0.084177708,-0.033172497,0.100678952,-0.022123894,-0.019528278,,-0.005763689,0.136585366,0.095273539,0.103684662,0.264925373,-0.012164217,-0.010609172,-0.122087634,-0.073536526,-0.08,-0.015803037,0.023073383,-0.065167391,0.256874581,0.070438799,,0.049970947,-0.01514902,-0.046265185,0.041147132,-0.041646721,0.092254134,-0.06170531,-0.03495935,-0.047150259,-0.038267875,0.006040875,0.034108527,0.216486903,-0.049773756,,0.117886179,-0.012866133,-0.001823708
2021-07-31,-0.025190393,-0.002158273,0.001617749,-0.09334126,-0.01556178,-0.036848925,-0.074891775,-0.042689434,-0.087143653,-0.041127314,-0.062568606,-0.0302267,-0.010848126,-0.057797165,-0.033457249,-0.071428571,-0.015663644,-0.018196721,-0.159353349,-0.059085842,0.032040472,-0.095714286,0.066360601,0.062741532,-0.195526696,-0.106683805,-0.103269667,-0.08010118,-0.031162197,-0.014838368,-0.031108597,-0.030624264,-0.024193548,-0.138623327,0.040189125,-0.075481513,0.043341063,-0.01559792,0.001793722,0.017290583,0.076774194,0.10137457,-0.071374336,-0.065868263,-0.207091289,-0.06624463,-0.079453067,-0.044757817,-0.025298354,0.024555904,-0.121861604,-0.006382979,-0.096693699,-0.05269651,-0.149321267,-0.197361614,,-0.45942029,-0.092109607,-0.085626911,-0.112917017,-0.094635577,-0.084145716,-0.107244673,0.021448806,0.078851175,0.009992988,-0.000434594,-0.02890625,-0.030617824,-0.146744931,0.252247393,,-0.112617598,-0.095970573,0.029810298,-0.104590818,-0.018213356,-0.060823373,-0.018912264,-0.077506318,-0.038607939,0.076963351,-0.039646799,0.061844078,-0.202659911,-0.009996126,,-0.195454545,0.059958445,-0.139464068
2021-08-31,0.027644231,0.102212165,-0.030341486,-0.077377049,-0.026644342,-0.044617866,-0.086160146,-0.068004459,-0.044942237,-0.028623119,-0.085870414,0.142683983,-0.099700897,-0.03125,-0.057692308,-0.144925546,0.131490787,0.001669728,-0.118131868,0.146919431,0.117647059,-0.044233807,-0.136986301,-0.23354276,-0.04529148,-0.030215827,-0.07400722,-0.09715857,0.015730927,0.259817106,0.076474022,-0.04799514,0.051652893,-0.071032186,-0.063857753,0.034434294,-0.002244039,-0.059859155,0.038283282,0.025086119,0.014579589,0.004232146,0.075633688,0.070512821,-0.159379408,-0.078450363,-0.016860699,0.01508344,-0.114563107,0.044875064,-0.045327755,-0.096359743,0.074585635,-0.039627907,-0.042553191,-0.087012568,,-0.378016086,0.074194627,0.070584738,0.159369527,-0.07641196,0.07394958,-0.170097087,0.012678288,-0.093901258,-0.146539028,-0.002608696,-0.1076428,0.018894529,-0.188242652,-0.147164393,,0.0299998,0.128167191,-0.002368421,-0.099420419,0.100706714,0.122644695,0.019477828,0.02382973,-0.17249006,-0.101118133,-0.092681133,-0.040240028,-0.174741859,0.061150206,,0.025988701,0.000229946,-0.09447983
2021-09-30,-0.105263158,-0.193166886,0.132659131,-0.080701642,-0.044320779,-0.099476595,0.046694648,0.25,-0.311845405,-0.109695683,0.156703672,-0.100772844,-0.105204873,-0.051373955,-0.044897959,-0.202090592,0.038490007,-0.036506084,-0.15576324,-0.022084447,0.064327485,-0.021487603,0.042176871,-0.175846242,0.010803194,-0.109792285,-0.15165692,-0.088324873,-0.002396804,-0.012382579,-0.004338395,0.051052967,-0.003929273,-0.081242533,-0.029273859,-0.076015041,-0.087736406,-0.11423221,-0.034662045,-0.064510914,0.003937008,0.189284569,-0.07981756,-0.089820359,-0.191275168,-0.092465198,-0.065741119,0.046258399,-0.213815789,0.333599281,-0.102264427,-0.098104265,0.133676093,-0.117202635,-0.061111111,-0.09142252,,-0.262931034,0.008237822,0.001471129,-0.114048338,0.04676259,0.305164319,-0.064576509,-0.085680751,-0.103098291,0.016393443,0.002058811,-0.015887806,0.067533905,-0.106317411,-0.079461279,,0.08836341,-0.106229508,-0.054603007,-0.128217822,-0.052424209,-0.088383838,-0.011382114,-0.09470377,0.020775623,-0.073254349,-0.147146327,-0.124710832,-0.257940327,-0.019666133,,-0.088105727,0.115012917,-0.071512309
2021-10-31,0.110457516,-0.11237785,-0.194983819,-0.065149137,-0.01384083,-0.043797319,0.10726817,-0.067942584,-0.239013934,-0.103736089,-0.142488003,-0.082237951,-0.112623762,-0.091939547,-0.023076923,-0.043668122,-0.081967213,-0.088408304,-0.084870849,-0.023022651,-0.121136047,-0.063063063,-0.138816362,-0.207100592,-0.257899628,-0.217222222,-0.195082721,-0.087973274,0.038707955,-0.051880674,0.067538126,-0.12568306,-0.097435897,-0.191157347,-0.007380074,-0.15084621,-0.126944617,-0.00845666,-0.07989228,-0.022351971,0.109803922,0.053412463,-0.052457662,-0.048245614,0.002074689,-0.063625799,-0.200174825,-0.063256659,-0.246164575,0.032735776,-0.174125305,-0.02679979,-0.048752834,-0.146368225,-0.118343195,-0.008158508,,0.099415205,-0.01705151,0.000734484,-0.199914749,-0.109965636,-0.06195044,-0.144072036,-0.005134788,-0.047647409,-0.137521222,-0.131203063,-0.16834955,-0.087373606,-0.1,-0.250182882,,0.094911378,-0.097028613,0.022879464,-0.031232254,-0.045106383,-0.092520776,0.0,0.035696579,-0.114654003,-0.178039702,-0.060729276,-0.10685398,-0.20233463,0.070738568,,-0.137681159,-0.066363866,-0.122053872
2021-11-30,-0.054738081,0.036697248,-0.166121648,-0.067170445,0.132628055,0.001425381,-0.054775917,-0.088184869,0.02056338,-0.071396896,-0.149806285,-0.080976864,0.10181311,-0.001386963,0.076990376,-0.043716911,0.020186335,0.074487117,0.0,0.003420753,0.037162162,-0.054969615,0.073774634,-0.044776119,-0.147150908,-0.034776437,-0.005138453,0.013431013,-0.009766127,-0.127222982,0.091836735,-0.03125,-0.013548951,-0.011254019,0.026986996,-0.054592721,-0.033499644,-0.081023454,-0.041668561,-0.02762359,-0.008657244,-0.06238735,0.057409907,0.040591155,0.132505176,-0.029010239,-0.279234973,-0.102423263,-0.278445883,-0.110566038,0.092610837,0.058315335,-0.139451728,-0.313881748,-0.080536913,-0.122600862,,-0.223404255,0.089266353,0.08,-0.029834843,-0.007722008,-0.135492118,-0.080654588,-0.032980308,0.098811757,0.089566929,-0.149661017,0.128256071,-0.043181818,0.002161215,0.027317073,,-0.049025746,0.140767824,-0.017184943,0.000586166,0.229946524,-0.032661783,0.011275063,-0.069135614,0.105747126,0.025660377,-0.02318112,0.037178265,-0.07804878,0.104789104,,0.156862745,-0.128918919,0.046500479
2021-12-31,-0.002379255,-0.020353982,0.016470588,0.015475043,-0.088960589,-0.022251238,-0.006226054,0.235431235,-0.211426994,0.005987854,0.140253165,0.301115525,0.051898734,0.015277778,-0.052629443,0.146303397,0.040226081,0.056181818,-0.008064516,0.043045153,0.048859935,-0.005218526,0.038225676,0.1484375,-0.014684288,0.160294118,-0.02302859,-0.118072289,-0.001211195,0.296760711,-0.021495327,0.014336918,0.001772264,0.084229112,0.056589147,-0.048096344,0.053604251,-0.067285383,-0.025588188,-0.063157495,0.046373196,0.064516129,0.074989527,0.126126126,0.07678245,-0.136440582,-0.00227445,-0.080676288,-0.074358974,-0.010764669,0.096771777,-0.01939087,0.13435486,-0.047208692,-0.065693431,-0.029910714,,-0.068493151,0.140754883,0.085953244,-0.09981396,0.201844409,0.018728438,0.074380165,0.088545637,0.010813887,-0.003572067,-0.104599608,0.039344206,0.192992874,0.01450677,0.119013641,,-0.019082882,0.070334758,0.051385539,-0.021089631,-0.029726179,-0.092077147,0.050769435,0.040907981,0.007623008,0.129643279,0.114510365,-0.010771093,-0.074074074,-0.014428857,,0.041162228,0.024210697,-0.058176821
2022-01-31,-0.029182879,0.066847335,-0.033179012,0.318278295,0.132062392,0.188026707,0.115180723,-0.1,-0.090654533,0.160051989,-0.008436945,-0.146798542,0.158844765,-0.009575923,0.121656601,0.00877193,0.001525553,-0.070407988,0.048780488,0.078270593,0.13378562,0.093114754,0.095896727,0.030181459,0.077496274,0.107731305,-0.136336692,0.081967213,0.059619891,-0.1817083,0.064388343,-0.066431095,0.015479876,0.124430956,0.021276596,0.219653179,0.100459851,-0.186567164,0.15705206,0.21008869,-0.112958169,-0.075362319,-0.030397506,-0.048,,0.150572831,-0.262917933,-0.092585328,-0.030470914,0.018577254,0.1175,0.148504274,-0.018241042,-0.107353519,0.3671875,0.041417395,,0.073529412,0.148859935,0.137082601,0.087965791,0.121311475,0.157232704,0.088757396,-0.04691358,-0.120495495,0.107635695,-0.011376311,0.105660377,-0.070184171,0.102955195,-0.052226027,,0.066782811,-0.003386193,0.049491339,-0.041891083,0.009125475,0.015013966,-0.0061703,0.046115288,0.039202201,0.053430079,0.037326834,0.070093458,-0.100952381,0.030919278,,0.168896571,-0.024863554,0.075389105
2022-02-28,0.015364061,-0.024555461,0.074221868,-0.002735978,0.078077159,-0.106715323,0.035053551,0.13312369,-0.222863741,0.062887878,-0.251679355,-0.02928615,-0.022845275,0.04281768,-0.095384615,0.117391304,-0.025133283,0.071481481,-0.124031008,0.045973038,-0.034818942,0.142771446,-0.111905764,-0.017227878,-0.13208852,-0.131578947,-0.139327385,-0.180555556,-0.001336408,-0.133431807,-0.03358209,0.019682059,0.113675958,-0.183535762,-0.085488506,-0.041864139,0.076824172,-0.064220183,-0.016683023,0.006766863,-0.057219662,0.022798518,-0.053972766,-0.050995368,,-0.099573257,0.029896907,0.064994761,-0.141428571,-0.013790036,-0.108873975,0.02744186,-0.133377571,0.019823789,-0.234285714,0.029606717,,-0.136986301,0.031187978,0.051004637,-0.017967434,-0.152046784,0.079431438,-0.301086957,0.008635579,-0.007682458,-0.118770764,0.150722022,-0.018430034,0.108404711,-0.040622299,-0.046973803,,0.089548176,-0.069763514,0.033010217,-0.21361649,0.025621703,0.136910905,0.011175497,-0.117393388,-0.019854401,-0.078897934,0.141090639,0.030131004,-0.197033898,0.009863124,,0.04742268,-0.079484324,-0.038896427
2022-03-31,0.013157895,0.045138889,0.2102526,0.09079487,0.015178733,0.092921583,0.109375,0.171137835,0.052673648,0.013623978,0.112507481,-0.07186256,-0.01381509,0.179767535,0.164965986,0.210116732,0.200097576,-0.071552022,0.252212389,0.066424323,0.090909091,0.182152231,0.120322122,0.037051793,0.329880478,0.152173913,-0.08492823,0.175654854,0.084524705,-0.15,0.135135135,0.097253155,0.064137661,0.056198347,0.218575353,-0.023907667,0.164900199,0.14379085,0.084109372,0.07966455,-0.0401222,0.037336305,0.039655172,0.047191011,,0.092411559,0.011011011,0.079143835,0.134775374,-0.034731619,0.075313808,0.108193753,0.017820593,0.125269978,0.037313433,0.036480687,,0.293650794,-0.031069563,-0.016176471,0.066895369,-0.079310345,-0.077846631,0.246500778,0.024828767,0.196774194,0.006597549,-0.021568627,0.06475239,0.152137165,-0.021621622,0.112796209,,0.108168873,0.001452697,0.119452194,-0.318506751,0.019128233,0.10075643,0.08227589,-0.030944625,-0.032951726,-0.050305914,0.075806242,-0.008902077,0.100263852,0.072457177,,-0.043307087,0.187382091,-0.014588235
2022-04-30,-0.057142857,-0.082225914,-0.054387715,-0.153405474,-0.042651297,-0.109131925,-0.005086072,0.064314936,-0.284433962,-0.11328725,-0.269499731,-0.055520161,0.02262931,0.014476356,-0.088363357,0.093247588,-0.035502959,0.015088943,-0.134275618,0.120235513,-0.015873016,-0.085733217,-0.11205074,-0.190549366,-0.205512283,-0.159158533,-0.010457516,-0.094364351,-0.030989824,-0.05013369,-0.043813961,-0.071718539,-0.057699375,-0.162754304,-0.092177864,-0.259290541,-0.033324722,-0.208571429,-0.143255814,-0.13081,-0.049013367,0.016653237,-0.14013267,-0.14806867,,-0.136363636,-0.29009901,-0.038586515,-0.284457478,-0.098081434,-0.19688716,0.006944444,0.037354086,-0.281941553,-0.014388489,-0.144046651,,-0.153374233,0.029619972,-0.010556444,-0.183327267,0.0,0.121377572,-0.172177168,-0.124272492,-0.116555717,0.033215064,-0.262472514,-0.133551555,-0.047254129,-0.138121547,-0.005962521,,0.046212804,-0.100453309,-0.00362483,-0.321678322,-0.022480058,-0.121220451,-0.048411498,0.146218487,-0.076325088,-0.146691341,-0.12876569,-0.091778229,-0.287769784,0.016411337,,-0.073045267,-0.136793806,-0.224360025
2022-05-31,-0.022727273,-0.013574661,0.036649215,-0.039849624,0.121931481,0.14136091,0.057019269,0.083015994,-0.170072512,0.097444781,0.152430044,0.106414719,-0.104530396,-0.012318029,0.074939565,0.17088009,0.076206194,-0.070837167,0.081632653,0.024075826,0.06476652,-0.059309674,0.052578709,0.071197048,-0.176470588,-0.035335689,-0.17217085,0.066570188,0.064874256,-0.103448276,0.013220019,0.135568513,-0.0488,-0.029906542,0.064417941,-0.233751425,0.036611438,0.061371841,0.041259501,0.096747281,-0.042838019,-0.032762772,0.09250103,0.106530294,,0.12,-0.078103208,0.094634559,-0.237704918,-0.1664,-0.063953488,-0.022718053,0.117779445,-0.114039806,-0.04379562,-0.004918839,,-0.057971014,0.099173501,0.106280751,-0.203545634,0.074906367,0.048314607,-0.137390102,-0.013377926,0.080024435,-0.041237113,-0.024775388,0.092168438,0.028070963,-0.145299145,0.070993141,,0.08575738,0.09085707,-0.031889095,-0.139175258,0.068249258,-0.112605568,-0.034976153,0.129032258,0.133619577,-0.030946065,0.03505823,-0.079545455,0.057239057,-0.038613247,,0.12208657,-0.157142857,0.003722084
2022-06-30,-0.055673009,-0.022018349,-0.099116162,-0.131662371,-0.081668045,-0.151389422,-0.03422619,-0.066807314,,-0.119573796,-0.131629393,-0.163146067,-0.110059172,0.003401361,-0.06071964,-0.050632911,-0.095348005,-0.020792079,-0.19245283,-0.083679525,-0.073270014,-0.131912849,-0.157797316,-0.293040293,-0.360805861,-0.134065934,-0.186702128,-0.226594301,-0.059225513,-0.102040816,-0.044268406,-0.05198973,-0.039529016,-0.165703276,-0.233801851,-0.186011905,-0.011492055,-0.30952381,-0.12820512,-0.132824708,0.01025641,-0.112640449,-0.095792301,-0.071593533,,-0.143434052,-0.149773071,0.009372212,-0.370967742,-0.225207933,-0.17132432,-0.078718086,0.054362416,-0.185185185,-0.160305344,-0.19228868,,-0.3,-0.081779916,-0.070858283,-0.180863031,-0.139372822,-0.214362272,-0.006238859,-0.070217918,-0.096719457,-0.083088954,-0.190954774,-0.088838665,-0.078855395,-0.215,-0.22147651,,-0.272755378,-0.071214953,-0.043585934,-0.221556886,-0.105935835,-0.180119845,-0.053953871,-0.037662338,-0.14335421,-0.210766423,-0.11193597,-0.140432099,-0.388535032,-0.078158668,,-0.077151335,0.044278624,-0.192212608
