,date_start,data_end,name,ticker,indic,retorno,ret
0,2012-01-01,2012-01-31,ITAÚ UNIBANCO PN ,ITUB4<XBSP>,6,3.360998293,0.033609983
1,2012-01-01,2012-01-31,PETROBRAS PN ,PETR4<XBSP>,3,15.39432139,0.153943214
2,2012-01-01,2012-01-31,COPEL PNB ,CPLE6<XBSP>,3,4.241645244,0.042416452
3,2012-01-01,2012-01-31,OGX PETRÓLEO ON ,OGXP3<XBSP>,3,21.51248164,0.215124816
4,2012-01-01,2012-01-31,REDECARD ON ,RDCD3<XBSP>,2,7.913669065,0.079136691
5,2012-01-01,2012-01-31,PÃO DE AÇÚCAR PN ,PCAR4<XBSP>,2,8.955223881,0.089552239
6,2012-01-01,2012-01-31,GERDAU PN ,GGBR4<XBSP>,2,14.82758621,0.148275862
7,2012-01-01,2012-01-31,CETIP ON ,CTIP3<XBSP>,2,0.0,0.0
8,2012-01-01,2012-01-31,ENERGIAS DO BRASIL ON ,ENBR3<XBSP>,2,-1.927710843,-0.019277108
9,2012-01-01,2012-01-31,CIELO ON ,CIEL3<XBSP>,2,7.987551867,0.079875519
10,2012-02-01,2012-02-29,ITAÚ UNIBANCO PN ,ITUB4<XBSP>,3,4.819414379,0.048194144
11,2012-02-01,2012-02-29,OGX PETRÓLEO ON ,OGXP3<XBSP>,3,2.719033233,0.027190332
12,2012-02-01,2012-02-29,TIM PART. ON ,TIMS3<XBSP>,2,7.113402062,0.071134021
13,2012-02-01,2012-02-29,VALE PNA ,VALE5<XBSP>,2,-0.445069103,-0.004450691
14,2012-02-01,2012-02-29,TELEFÔNICA BR PN ,VIVT4<XBSP>,2,5.652620761,0.056526208
15,2012-02-01,2012-02-29,LOJAS RENNER ON ,LREN3<XBSP>,2,10.81355932,0.108135593
16,2012-02-01,2012-02-29,COPEL PNB ,CPLE6<XBSP>,2,6.609124538,0.066091245
17,2012-02-01,2012-02-29,CETIP ON ,CTIP3<XBSP>,2,18.73840445,0.187384045
18,2012-02-01,2012-02-29,BANCO DO BRASIL ON ,BBAS3<XBSP>,2,2.26384325,0.022638432
19,2012-02-01,2012-02-29,MULTIPLUS ON ,MPLU3<XBSP>,2,18.23608419,0.182360842
20,2012-03-01,2012-03-31,VALE PNA ,VALE5<XBSP>,3,-2.447058823,-0.024470588
21,2012-03-01,2012-03-31,PÃO DE AÇÚCAR PN ,PCAR4<XBSP>,2,9.296482412,0.092964824
22,2012-03-01,2012-03-31,PDG REALTY ON ,PDGR3<XBSP>,2,-14.03269755,-0.140326975
23,2012-03-01,2012-03-31,PETROBRAS PN ,PETR4<XBSP>,2,-3.465848801,-0.034658488
24,2012-03-01,2012-03-31,OGX PETRÓLEO ON ,OGXP3<XBSP>,2,-11.17647059,-0.111764706
25,2012-03-01,2012-03-31,ITAÚ UNIBANCO PN ,ITUB4<XBSP>,2,-3.955610059,-0.039556101
26,2012-03-01,2012-03-31,BRF ON ,BRFS3<XBSP>,2,0.278551532,0.002785515
27,2012-03-01,2012-03-31,CETIP ON ,CTIP3<XBSP>,2,-5.102983757,-0.051029838
28,2012-03-01,2012-03-31,DASA ON ,DASA3<XBSP>,2,-12.4375,-0.124375
29,2012-03-01,2012-03-31,AMBEV PN ,AMBV4<XBSP>,2,10.70894757,0.107089476
30,2012-04-01,2012-04-30,IOCHPE MAXION ON ,MYPK3<XBSP>,2,-7.739388951,-0.07739389
31,2012-04-01,2012-04-30,OGX PETRÓLEO ON ,OGXP3<XBSP>,2,-12.38410596,-0.12384106
32,2012-04-01,2012-04-30,TIM PART. ON ,TIMS3<XBSP>,2,-0.74998687,-0.007499869
33,2012-04-01,2012-04-30,BRF ON ,BRFS3<XBSP>,2,-3.194444445,-0.031944444
34,2012-04-01,2012-04-30,ITAÚ UNIBANCO PN ,ITUB4<XBSP>,2,-14.07704425,-0.140770443
35,2012-04-01,2012-04-30,COSAN ON ,CSAN3<XBSP>,2,-2.532391049,-0.02532391
36,2012-04-01,2012-04-30,BM&FBOVESPA ON ,B3SA3<XBSP>,1,-4.62633452,-0.046263345
37,2012-04-01,2012-04-30,PETROBRAS PN ,PETR4<XBSP>,1,-8.822269807,-0.088222698
38,2012-04-01,2012-04-30,PETROBRAS ON ,PETR3<XBSP>,1,-7.860082304,-0.078600823
39,2012-04-01,2012-04-30,GERDAU PN ,GGBR4<XBSP>,1,2.634593356,0.026345934
40,2012-05-01,2012-05-31,TIM PART. ON ,TIMS3<XBSP>,3,-14.02116402,-0.14021164
41,2012-05-01,2012-05-31,PÃO DE AÇÚCAR PN ,PCAR4<XBSP>,3,-13.67231638,-0.136723164
42,2012-05-01,2012-05-31,IOCHPE MAXION ON ,MYPK3<XBSP>,3,-24.10039311,-0.241003931
43,2012-05-01,2012-05-31,CEMIG PN ,CMIG4<XBSP>,2,-6.881948121,-0.068819481
44,2012-05-01,2012-05-31,ITAÚ UNIBANCO PN ,ITUB4<XBSP>,2,-2.284475571,-0.022844756
45,2012-05-01,2012-05-31,AES TIETÊ PN ,GETI4<XBSP>,2,4.67148297,0.04671483
46,2012-05-01,2012-05-31,CCR ON ,CCRO3<XBSP>,2,6.081081081,0.060810811
47,2012-05-01,2012-05-31,OGX PETRÓLEO ON ,OGXP3<XBSP>,2,-22.14663643,-0.221466364
48,2012-05-01,2012-05-31,VALE PNA ,VALE5<XBSP>,1,-11.41133896,-0.11411339
49,2012-05-01,2012-05-31,PETROBRAS PN ,PETR4<XBSP>,1,-9.215919785,-0.092159198
50,2012-06-01,2012-06-30,CEMIG PN ,CMIG4<XBSP>,5,6.67993178,0.066799318
51,2012-06-01,2012-06-30,CCR ON ,CCRO3<XBSP>,4,4.012738854,0.040127389
52,2012-06-01,2012-06-30,VALE PNA ,VALE5<XBSP>,4,6.644880174,0.066448802
53,2012-06-01,2012-06-30,AMBEV PN ,AMBV4<XBSP>,3,0.815189539,0.008151895
54,2012-06-01,2012-06-30,ULTRAPAR ON ,UGPA3<XBSP>,2,8.941913714,0.089419137
55,2012-06-01,2012-06-30,TIM PART. ON ,TIMS3<XBSP>,2,14.46153846,0.144615385
56,2012-06-01,2012-06-30,GERDAU PN ,GGBR4<XBSP>,2,11.60151324,0.116015132
57,2012-06-01,2012-06-30,COPEL PNB ,CPLE6<XBSP>,2,7.752315943,0.077523159
58,2012-06-01,2012-06-30,PÃO DE AÇÚCAR PN ,PCAR4<XBSP>,2,4.866215685,0.048662157
59,2012-06-01,2012-06-30,MARCOPOLO PN ,POMO4<XBSP>,2,-3.33271662,-0.033327166
60,2012-07-01,2012-07-31,VALE PNA ,VALE5<XBSP>,5,-7.048008172,-0.070480082
61,2012-07-01,2012-07-31,CCR ON ,CCRO3<XBSP>,4,4.71524801,0.04715248
62,2012-07-01,2012-07-31,PÃO DE AÇÚCAR PN ,PCAR4<XBSP>,3,4.375,0.04375
63,2012-07-01,2012-07-31,CEMIG PN ,CMIG4<XBSP>,3,4.396482814,0.043964828
64,2012-07-01,2012-07-31,MRV ON ,MRVE3<XBSP>,2,19.89247312,0.198924731
65,2012-07-01,2012-07-31,TIM PART. ON ,TIMS3<XBSP>,2,-23.47670251,-0.234767025
66,2012-07-01,2012-07-31,COPEL PNB ,CPLE6<XBSP>,2,-4.79638009,-0.047963801
67,2012-07-01,2012-07-31,BR MALLS PART. ON ,BRML3<XBSP>,2,4.0,0.04
68,2012-07-01,2012-07-31,AMBEV PN ,AMBV4<XBSP>,2,1.69469599,0.01694696
69,2012-07-01,2012-07-31,ITAÚ UNIBANCO PN ,ITUB4<XBSP>,2,14.83642794,0.148364279
70,2012-08-01,2012-08-31,VALE PNA ,VALE5<XBSP>,4,-8.846153846,-0.088461538
71,2012-08-01,2012-08-31,ITAÚ UNIBANCO PN ,ITUB4<XBSP>,4,-1.478332998,-0.01478333
72,2012-08-01,2012-08-31,CEMIG PN ,CMIG4<XBSP>,4,-11.56202144,-0.115620214
73,2012-08-01,2012-08-31,ARTERIS ON ,ARTR3<XBSP>,3,11.01694915,0.110169492
74,2012-08-01,2012-08-31,PÃO DE AÇÚCAR PN ,PCAR4<XBSP>,2,2.410360955,0.02410361
75,2012-08-01,2012-08-31,BR MALLS PART. ON ,BRML3<XBSP>,2,5.769230769,0.057692308
76,2012-08-01,2012-08-31,BANCO DO BRASIL ON ,BBAS3<XBSP>,2,6.898105963,0.06898106
77,2012-08-01,2012-08-31,AMBEV PN ,AMBV4<XBSP>,2,-2.238900903,-0.022389009
78,2012-08-01,2012-08-31,VALE ON ,VALE3<XBSP>,1,-9.071332436,-0.090713324
79,2012-08-01,2012-08-31,GERDAU PN ,GGBR4<XBSP>,1,-3.159870368,-0.031598704
80,2012-09-01,2012-09-30,CCR ON ,CCRO3<XBSP>,4,0.603070176,0.006030702
81,2012-09-01,2012-09-30,RAIA DROGASIL ON ,RADL3<XBSP>,3,8.688480109,0.086884801
82,2012-09-01,2012-09-30,TIM PART. ON ,TIMS3<XBSP>,2,-2.973977695,-0.029739777
83,2012-09-01,2012-09-30,VALE PNA ,VALE5<XBSP>,2,6.298975286,0.062989753
84,2012-09-01,2012-09-30,OI PN ,OIBR4<XBSP>,2,5.706874189,0.057068742
85,2012-09-01,2012-09-30,GERDAU PN ,GGBR4<XBSP>,2,7.409470752,0.074094708
86,2012-09-01,2012-09-30,BANCO DO BRASIL ON ,BBAS3<XBSP>,2,8.213722921,0.082137229
87,2012-09-01,2012-09-30,BR MALLS PART. ON ,BRML3<XBSP>,2,11.26482213,0.112648221
88,2012-09-01,2012-09-30,AMBEV PN ,AMBV4<XBSP>,2,1.093038386,0.010930384
89,2012-09-01,2012-09-30,ITAÚ UNIBANCO PN ,ITUB4<XBSP>,2,-3.455893956,-0.03455894
90,2012-10-01,2012-10-31,VALE PNA ,VALE5<XBSP>,3,6.48137929,0.064813793
91,2012-10-01,2012-10-31,BR PROPERTIES ON ,BRPR3<XBSP>,3,0.56710775,0.005671078
92,2012-10-01,2012-10-31,SABESP ON ,SBSP3<XBSP>,2,3.602843716,0.036028437
93,2012-10-01,2012-10-31,TELEFÔNICA BR PN ,VIVT4<XBSP>,2,1.603070671,0.016030707
94,2012-10-01,2012-10-31,PETROBRAS PN ,PETR4<XBSP>,2,-7.018328118,-0.070183281
95,2012-10-01,2012-10-31,GERDAU PN ,GGBR4<XBSP>,2,-7.935684647,-0.079356846
96,2012-10-01,2012-10-31,ARTERIS ON ,ARTR3<XBSP>,2,3.829755745,0.038297557
97,2012-10-01,2012-10-31,CCR ON ,CCRO3<XBSP>,2,0.280741157,0.002807412
98,2012-10-01,2012-10-31,AMBEV PN ,AMBV4<XBSP>,2,7.64262648,0.076426265
99,2012-10-01,2012-10-31,KROTON UNIT ,KROT11<XBSP>,2,17.00288184,0.170028818
100,2012-11-01,2012-11-30,LOJAS RENNER ON ,LREN3<XBSP>,4,3.922872341,0.039228723
101,2012-11-01,2012-11-30,KROTON UNIT ,KROT11<XBSP>,3,2.068965517,0.020689655
102,2012-11-01,2012-11-30,PETROBRAS PN ,PETR4<XBSP>,3,-10.28846154,-0.102884615
103,2012-11-01,2012-11-30,CCR ON ,CCRO3<XBSP>,3,2.799552072,0.027995521
104,2012-11-01,2012-11-30,VALE PNA ,VALE5<XBSP>,3,0.962861073,0.009628611
105,2012-11-01,2012-11-30,TELEFÔNICA BR PN ,VIVT4<XBSP>,2,5.3299437,0.053299437
106,2012-11-01,2012-11-30,ITAÚ UNIBANCO PN ,ITUB4<XBSP>,2,8.27017012,0.082701701
107,2012-11-01,2012-11-30,BRADESCO PN ,BBDC4<XBSP>,2,10.97548355,0.109754836
108,2012-11-01,2012-11-30,CETIP ON ,CTIP3<XBSP>,2,-6.196581197,-0.061965812
109,2012-11-01,2012-11-30,AMBEV PN ,AMBV4<XBSP>,2,6.626506024,0.06626506
110,2012-12-01,2012-12-31,VALE PNA ,VALE5<XBSP>,5,11.36239782,0.113623978
111,2012-12-01,2012-12-31,LOJAS RENNER ON ,LREN3<XBSP>,3,2.257355894,0.022573559
112,2012-12-01,2012-12-31,PETROBRAS PN ,PETR4<XBSP>,3,4.608788853,0.046087889
113,2012-12-01,2012-12-31,TOTVS ON ,TOTS3<XBSP>,3,1.625893272,0.016258933
114,2012-12-01,2012-12-31,KROTON ON ,COGN3<XBSP>,2,15.625,0.15625
115,2012-12-01,2012-12-31,ITAÚ UNIBANCO PN ,ITUB4<XBSP>,2,4.8887836,0.048887836
116,2012-12-01,2012-12-31,CCR ON ,CCRO3<XBSP>,2,5.936819172,0.059368192
117,2012-12-01,2012-12-31,COELCE PNA ,COCE5<XBSP>,2,29.5709761,0.295709761
118,2012-12-01,2012-12-31,BRF ON ,BRFS3<XBSP>,2,8.737113402,0.087371134
119,2012-12-01,2012-12-31,BM&FBOVESPA ON ,B3SA3<XBSP>,1,9.034267913,0.090342679
120,2013-01-01,2013-01-31,VALE PNA ,VALE5<XBSP>,5,-5.309517984,-0.05309518
121,2013-01-01,2013-01-31,GERDAU PN ,GGBR4<XBSP>,4,-2.565532627,-0.025655326
122,2013-01-01,2013-01-31,LOJAS RENNER ON ,LREN3<XBSP>,3,-0.05015674,-0.000501567
123,2013-01-01,2013-01-31,RAIA DROGASIL ON ,RADL3<XBSP>,2,-3.554399653,-0.035543997
124,2013-01-01,2013-01-31,TIM PART. ON ,TIMS3<XBSP>,2,7.317073171,0.073170732
125,2013-01-01,2013-01-31,PETROBRAS PN ,PETR4<XBSP>,2,-7.37704918,-0.073770492
126,2013-01-01,2013-01-31,ITAÚ UNIBANCO PN ,ITUB4<XBSP>,2,2.921348315,0.029213483
127,2013-01-01,2013-01-31,CCR ON ,CCRO3<XBSP>,2,5.655526992,0.05655527
128,2013-01-01,2013-01-31,COSAN ON ,CSAN3<XBSP>,2,12.5748503,0.125748503
129,2013-01-01,2013-01-31,BM&FBOVESPA ON ,B3SA3<XBSP>,2,-0.428571429,-0.004285714
130,2013-02-01,2013-02-28,VALE PNA ,VALE5<XBSP>,4,-5.555555556,-0.055555556
131,2013-02-01,2013-02-28,LOJAS RENNER ON ,LREN3<XBSP>,3,-5.45728265,-0.054572826
132,2013-02-01,2013-02-28,TIM PART. ON ,TIMS3<XBSP>,2,-1.704545455,-0.017045455
133,2013-02-01,2013-02-28,ITAÚ UNIBANCO PN ,ITUB4<XBSP>,2,2.140672783,0.021406728
134,2013-02-01,2013-02-28,COSAN ON ,CSAN3<XBSP>,2,-0.723404255,-0.007234043
135,2013-02-01,2013-02-28,BR MALLS PART. ON ,BRML3<XBSP>,2,-0.698215671,-0.006982157
136,2013-02-01,2013-02-28,BM&FBOVESPA ON ,B3SA3<XBSP>,2,-3.802008608,-0.038020086
137,2013-02-01,2013-02-28,CCR ON ,CCRO3<XBSP>,2,-3.406326034,-0.03406326
138,2013-02-01,2013-02-28,ANHANGUERA ON ,AEDU3<XBSP>,2,5.806451613,0.058064516
139,2013-03-01,2013-03-31,ITAÚ UNIBANCO PN ,ITUB4<XBSP>,4,3.788066245,0.037880662
140,2013-03-01,2013-03-31,CCR ON ,CCRO3<XBSP>,3,3.476070529,0.034760705
141,2013-03-01,2013-03-31,LOJAS RENNER ON ,LREN3<XBSP>,3,0.500227634,0.005002276
142,2013-03-01,2013-03-31,VALE PNA ,VALE5<XBSP>,3,-9.056087551,-0.090560876
143,2013-03-01,2013-03-31,KROTON ON ,COGN3<XBSP>,2,0.878652316,0.008786523
144,2013-03-01,2013-03-31,COSAN ON ,CSAN3<XBSP>,2,-2.828975568,-0.028289756
145,2013-03-01,2013-03-31,BM&FBOVESPA ON ,B3SA3<XBSP>,2,1.715137957,0.01715138
146,2013-03-01,2013-03-31,EVEN ON ,EVEN3<XBSP>,2,-2.0,-0.02
147,2013-03-01,2013-03-31,BR MALLS PART. ON ,BRML3<XBSP>,2,-1.71875,-0.0171875
148,2013-03-01,2013-03-31,BRADESCO PN ,BBDC4<XBSP>,1,6.38662778,0.063866278
149,2013-04-01,2013-04-30,ITAÚ UNIBANCO PN ,ITUB4<XBSP>,5,-6.490618485,-0.064906185
150,2013-04-01,2013-04-30,BM&FBOVESPA ON ,B3SA3<XBSP>,3,3.431478326,0.034314783
151,2013-04-01,2013-04-30,KROTON ON ,COGN3<XBSP>,3,8.143166074,0.081431661
152,2013-04-01,2013-04-30,RANDON PART. PN ,RAPT4<XBSP>,2,4.393968452,0.043939685
153,2013-04-01,2013-04-30,VALE PNA ,VALE5<XBSP>,2,0.950906948,0.009509069
154,2013-04-01,2013-04-30,EVEN ON ,EVEN3<XBSP>,2,-0.811545262,-0.008115453
155,2013-04-01,2013-04-30,LOJAS RENNER ON ,LREN3<XBSP>,2,2.981956987,0.02981957
156,2013-04-01,2013-04-30,ANHANGUERA ON ,AEDU3<XBSP>,2,10.42944785,0.104294479
157,2013-04-01,2013-04-30,BRADESCO PN ,BBDC4<XBSP>,1,-3.573049326,-0.035730493
158,2013-04-01,2013-04-30,PDG REALTY ON ,PDGR3<XBSP>,1,-26.36655949,-0.263665595
159,2013-05-01,2013-05-31,ITAÚ UNIBANCO PN ,ITUB4<XBSP>,6,5.992565056,0.059925651
160,2013-05-01,2013-05-31,KROTON ON ,COGN3<XBSP>,2,12.89420564,0.128942056
161,2013-05-01,2013-05-31,VALE PNA ,VALE5<XBSP>,2,-12.22426471,-0.122242647
162,2013-05-01,2013-05-31,PETROBRAS PN ,PETR4<XBSP>,2,-0.199104032,-0.00199104
163,2013-05-01,2013-05-31,COSAN ON ,CSAN3<XBSP>,2,-0.421052632,-0.004210526
164,2013-05-01,2013-05-31,BR MALLS PART. ON ,BRML3<XBSP>,2,-5.47660603,-0.05476606
165,2013-05-01,2013-05-31,BM&FBOVESPA ON ,B3SA3<XBSP>,2,1.924970694,0.019249707
166,2013-05-01,2013-05-31,CIELO ON ,CIEL3<XBSP>,2,3.617181613,0.036171816
167,2013-05-01,2013-05-31,BANCO DO BRASIL ON ,BBAS3<XBSP>,1,1.45254091,0.014525409
168,2013-05-01,2013-05-31,ITAÚSA PN ,ITSA4<XBSP>,1,4.624913619,0.046249136
169,2013-06-01,2013-06-30,ITAÚ UNIBANCO PN ,ITUB4<XBSP>,4,-11.16257527,-0.111625753
170,2013-06-01,2013-06-30,KROTON ON ,COGN3<XBSP>,2,-1.748807631,-0.017488076
171,2013-06-01,2013-06-30,PETROBRAS PN ,PETR4<XBSP>,2,-19.30174564,-0.193017456
172,2013-06-01,2013-06-30,VALE PNA ,VALE5<XBSP>,2,-5.584642234,-0.055846422
173,2013-06-01,2013-06-30,HYPERMARCAS ON ,HYPE3<XBSP>,2,-15.02923977,-0.150292398
174,2013-06-01,2013-06-30,SOUZA CRUZ ON ,CRUZ3<XBSP>,2,-5.720682632,-0.057206826
175,2013-06-01,2013-06-30,BRF ON ,BRFS3<XBSP>,2,-2.944711538,-0.029447115
176,2013-06-01,2013-06-30,BR PROPERTIES ON ,BRPR3<XBSP>,2,-9.566872918,-0.095668729
177,2013-06-01,2013-06-30,BM&FBOVESPA ON ,B3SA3<XBSP>,2,-12.02846975,-0.120284698
178,2013-06-01,2013-06-30,MINERVA ON ,BEEF3<XBSP>,2,-1.611374408,-0.016113744
179,2013-07-01,2013-07-31,GERDAU PN ,GGBR4<XBSP>,4,15.70182395,0.157018239
180,2013-07-01,2013-07-31,ITAÚ UNIBANCO PN ,ITUB4<XBSP>,4,1.338897583,0.013388976
181,2013-07-01,2013-07-31,KROTON ON ,COGN3<XBSP>,4,5.177993528,0.051779935
182,2013-07-01,2013-07-31,BRADESCO PN ,BBDC4<XBSP>,3,-3.750265646,-0.037502656
183,2013-07-01,2013-07-31,TRACTEBEL ON ,EGIE3<XBSP>,2,4.989904817,0.049899048
184,2013-07-01,2013-07-31,HYPERMARCAS ON ,HYPE3<XBSP>,2,13.62697866,0.136269787
185,2013-07-01,2013-07-31,SOUZA CRUZ ON ,CRUZ3<XBSP>,2,0.328587076,0.003285871
186,2013-07-01,2013-07-31,BB SEGURIDADE ON ,BBSE3<XBSP>,2,4.772727273,0.047727273
187,2013-07-01,2013-07-31,BRF ON ,BRFS3<XBSP>,2,1.170442431,0.011704424
188,2013-07-01,2013-07-31,BM&FBOVESPA ON ,B3SA3<XBSP>,2,-0.485436893,-0.004854369
189,2013-08-01,2013-08-31,KROTON ON ,COGN3<XBSP>,3,-1.266241744,-0.012662417
190,2013-08-01,2013-08-31,BB SEGURIDADE ON ,BBSE3<XBSP>,3,6.701637525,0.067016375
191,2013-08-01,2013-08-31,VALE PNA ,VALE5<XBSP>,3,10.47957371,0.104795737
192,2013-08-01,2013-08-31,BRF ON ,BRFS3<XBSP>,3,13.58024691,0.135802469
193,2013-08-01,2013-08-31,ITAÚ UNIBANCO PN ,ITUB4<XBSP>,3,0.540904034,0.00540904
194,2013-08-01,2013-08-31,SUZANO PAPEL PNA ,SUZB5<XBSP>,2,20.82262211,0.208226221
195,2013-08-01,2013-08-31,GERDAU PN ,GGBR4<XBSP>,2,18.07814812,0.180781481
196,2013-08-01,2013-08-31,BM&FBOVESPA ON ,B3SA3<XBSP>,2,-3.735699174,-0.037356992
197,2013-08-01,2013-08-31,CETIP ON ,CTIP3<XBSP>,2,1.739130435,0.017391304
198,2013-08-01,2013-08-31,HYPERMARCAS ON ,HYPE3<XBSP>,2,-1.635372502,-0.016353725
199,2013-09-01,2013-09-30,VALE PNA ,VALE5<XBSP>,5,1.414790997,0.01414791
200,2013-09-01,2013-09-30,BRF ON ,BRFS3<XBSP>,4,-2.173913044,-0.02173913
201,2013-09-01,2013-09-30,BB SEGURIDADE ON ,BBSE3<XBSP>,3,13.35758836,0.133575884
202,2013-09-01,2013-09-30,ULTRAPAR ON ,UGPA3<XBSP>,3,5.317919075,0.053179191
203,2013-09-01,2013-09-30,ITAÚ UNIBANCO PN ,ITUB4<XBSP>,3,8.538899431,0.085388994
204,2013-09-01,2013-09-30,KROTON ON ,COGN3<XBSP>,2,-1.53125,-0.0153125
205,2013-09-01,2013-09-30,CETIP ON ,CTIP3<XBSP>,2,0.640495627,0.006404956
206,2013-09-01,2013-09-30,CCR ON ,CCRO3<XBSP>,2,3.901319564,0.039013196
207,2013-09-01,2013-09-30,CEMIG PN ,CMIG4<XBSP>,2,3.440860215,0.034408602
208,2013-09-01,2013-09-30,HYPERMARCAS ON ,HYPE3<XBSP>,2,10.09852217,0.100985222
209,2013-10-01,2013-10-31,VALE PNA ,VALE5<XBSP>,4,7.209331369,0.072093314
210,2013-10-01,2013-10-31,ULTRAPAR ON ,UGPA3<XBSP>,3,9.220636663,0.092206367
211,2013-10-01,2013-10-31,CCR ON ,CCRO3<XBSP>,3,7.377521614,0.073775216
212,2013-10-01,2013-10-31,BRF ON ,BRFS3<XBSP>,3,-2.592592593,-0.025925926
213,2013-10-01,2013-10-31,BB SEGURIDADE ON ,BBSE3<XBSP>,3,12.19624026,0.121962403
214,2013-10-01,2013-10-31,SUZANO PAPEL PNA ,SUZB5<XBSP>,3,3.771428572,0.037714286
215,2013-10-01,2013-10-31,HYPERMARCAS ON ,HYPE3<XBSP>,2,9.340044743,0.093400447
216,2013-10-01,2013-10-31,ALL ON ,ALLL3<XBSP>,2,-8.447488584,-0.084474886
217,2013-10-01,2013-10-31,ITAÚ UNIBANCO PN ,ITUB4<XBSP>,2,10.03339164,0.100333916
218,2013-10-01,2013-10-31,KROTON ON ,COGN3<XBSP>,2,5.046017137,0.050460171
219,2013-11-01,2013-11-30,VALE PNA ,VALE5<XBSP>,6,-0.15225335,-0.001522533
220,2013-11-01,2013-11-30,BB SEGURIDADE ON ,BBSE3<XBSP>,4,3.800572129,0.038005721
221,2013-11-01,2013-11-30,ITAÚ UNIBANCO PN ,ITUB4<XBSP>,3,-4.698568744,-0.046985687
222,2013-11-01,2013-11-30,CCR ON ,CCRO3<XBSP>,3,-0.697799249,-0.006977992
223,2013-11-01,2013-11-30,TRACTEBEL ON ,EGIE3<XBSP>,2,1.35866306,0.013586631
224,2013-11-01,2013-11-30,ULTRAPAR ON ,UGPA3<XBSP>,2,-2.797319933,-0.027973199
225,2013-11-01,2013-11-30,CETIP ON ,CTIP3<XBSP>,2,2.657004831,0.026570048
226,2013-11-01,2013-11-30,COSAN ON ,CSAN3<XBSP>,2,-4.274265361,-0.042742654
227,2013-11-01,2013-11-30,BANCO DO BRASIL ON ,BBAS3<XBSP>,2,-13.32040157,-0.133204016
228,2013-11-01,2013-11-30,SUZANO PAPEL PNA ,SUZB5<XBSP>,2,-6.387665198,-0.063876652
229,2013-12-01,2013-12-31,BB SEGURIDADE ON ,BBSE3<XBSP>,5,-3.543307087,-0.035433071
230,2013-12-01,2013-12-31,VALE PNA ,VALE5<XBSP>,4,-0.182982617,-0.001829826
231,2013-12-01,2013-12-31,ESTÁCIO PART. ON ,YDUQ3<XBSP>,3,1.9990005,0.019990005
232,2013-12-01,2013-12-31,GERDAU PN ,GGBR4<XBSP>,3,1.888888889,0.018888889
233,2013-12-01,2013-12-31,COSAN ON ,CSAN3<XBSP>,2,-7.953488372,-0.079534884
234,2013-12-01,2013-12-31,TRACTEBEL ON ,EGIE3<XBSP>,2,-6.014644352,-0.060146444
235,2013-12-01,2013-12-31,KLABIN PN ,KLBN4<XBSP>,2,1.32231405,0.01322314
236,2013-12-01,2013-12-31,HYPERMARCAS ON ,HYPE3<XBSP>,2,-7.349081365,-0.073490814
237,2013-12-01,2013-12-31,AMBEV ON ,ABEV3<XBSP>,2,-1.366742597,-0.013667426
238,2013-12-01,2013-12-31,PETROBRAS PN ,PETR4<XBSP>,1,-10.66945607,-0.106694561
239,2014-01-01,2014-01-31,BB SEGURIDADE ON ,BBSE3<XBSP>,6,-7.346938776,-0.073469388
240,2014-01-01,2014-01-31,VALE PNA ,VALE5<XBSP>,6,-8.340971586,-0.083409716
241,2014-01-01,2014-01-31,GERDAU PN ,GGBR4<XBSP>,4,-6.488549618,-0.064885496
242,2014-01-01,2014-01-31,LOCALIZA ON ,RENT3<XBSP>,3,-8.130409134,-0.081304091
243,2014-01-01,2014-01-31,TUPY ON ,TUPY3<XBSP>,3,-5.666666667,-0.056666667
244,2014-01-01,2014-01-31,ESTÁCIO PART. ON ,YDUQ3<XBSP>,3,-8.329250368,-0.083292504
245,2014-01-01,2014-01-31,SUZANO PAPEL PNA ,SUZB5<XBSP>,3,3.03030303,0.03030303
246,2014-01-01,2014-01-31,ITAÚ UNIBANCO PN ,ITUB4<XBSP>,2,-3.366842189,-0.033668422
247,2014-01-01,2014-01-31,AMBEV ON ,ABEV3<XBSP>,2,-5.713278821,-0.057132788
248,2014-01-01,2014-01-31,PETROBRAS PN ,PETR4<XBSP>,2,-13.93442623,-0.139344262
249,2014-02-01,2014-02-28,SUZANO PAPEL PNA ,SUZB5<XBSP>,3,-6.722689076,-0.067226891
250,2014-02-01,2014-02-28,ULTRAPAR ON ,UGPA3<XBSP>,3,-0.818841415,-0.008188414
251,2014-02-01,2014-02-28,VALE PNA ,VALE5<XBSP>,3,-3.033333333,-0.030333333
252,2014-02-01,2014-02-28,PÃO DE AÇÚCAR PN ,PCAR4<XBSP>,3,5.877944325,0.058779443
253,2014-02-01,2014-02-28,KLABIN PN ,KLBN4<XBSP>,3,-5.996758509,-0.059967585
254,2014-02-01,2014-02-28,BB SEGURIDADE ON ,BBSE3<XBSP>,3,5.183305014,0.05183305
255,2014-02-01,2014-02-28,GERDAU PN ,GGBR4<XBSP>,3,-15.80174927,-0.158017493
256,2014-02-01,2014-02-28,ITAÚ UNIBANCO PN ,ITUB4<XBSP>,2,4.954956576,0.049549566
257,2014-02-01,2014-02-28,PETROBRAS PN ,PETR4<XBSP>,2,-7.551020408,-0.075510204
258,2014-02-01,2014-02-28,AMBEV ON ,ABEV3<XBSP>,2,4.909881914,0.049098819
259,2014-03-01,2014-03-31,ITAÚ UNIBANCO PN ,ITUB4<XBSP>,4,8.60163383,0.086016338
260,2014-03-01,2014-03-31,PÃO DE AÇÚCAR PN ,PCAR4<XBSP>,4,0.86965315,0.008696532
261,2014-03-01,2014-03-31,BB SEGURIDADE ON ,BBSE3<XBSP>,4,7.768240343,0.077682403
262,2014-03-01,2014-03-31,AMBEV ON ,ABEV3<XBSP>,4,0.414691943,0.004146919
263,2014-03-01,2014-03-31,ULTRAPAR ON ,UGPA3<XBSP>,3,5.292425695,0.052924257
264,2014-03-01,2014-03-31,VALE PNA ,VALE5<XBSP>,3,-2.543829495,-0.025438295
265,2014-03-01,2014-03-31,SUZANO PAPEL PNA ,SUZB5<XBSP>,3,-5.630630631,-0.056306306
266,2014-03-01,2014-03-31,CIELO ON ,CIEL3<XBSP>,2,15.99165053,0.159916505
267,2014-03-01,2014-03-31,BRF ON ,BRFS3<XBSP>,2,5.545200373,0.055452004
268,2014-03-01,2014-03-31,CCR ON ,CCRO3<XBSP>,2,8.333333334,0.083333333
269,2014-04-01,2014-04-30,BB SEGURIDADE ON ,BBSE3<XBSP>,5,4.062126643,0.040621266
270,2014-04-01,2014-04-30,PÃO DE AÇÚCAR PN ,PCAR4<XBSP>,4,6.352530414,0.063525304
271,2014-04-01,2014-04-30,VALE PNA ,VALE5<XBSP>,4,-3.940965221,-0.039409652
272,2014-04-01,2014-04-30,AMBEV ON ,ABEV3<XBSP>,4,-3.097675378,-0.030976754
273,2014-04-01,2014-04-30,ITAÚ UNIBANCO PN ,ITUB4<XBSP>,4,8.602626531,0.086026265
274,2014-04-01,2014-04-30,SUZANO PAPEL PNA ,SUZB5<XBSP>,3,-13.24582339,-0.132458234
275,2014-04-01,2014-04-30,BRF ON ,BRFS3<XBSP>,2,11.4790287,0.114790287
276,2014-04-01,2014-04-30,ULTRAPAR ON ,UGPA3<XBSP>,2,1.948643234,0.019486432
277,2014-04-01,2014-04-30,ESTÁCIO PART. ON ,YDUQ3<XBSP>,2,4.461942257,0.044619423
278,2014-04-01,2014-04-30,PETROBRAS PN ,PETR4<XBSP>,2,11.6930837,0.116930837
279,2014-05-01,2014-05-31,BB SEGURIDADE ON ,BBSE3<XBSP>,5,9.070034443,0.090700344
280,2014-05-01,2014-05-31,ITAÚ UNIBANCO PN ,ITUB4<XBSP>,3,-5.124371347,-0.051243713
281,2014-05-01,2014-05-31,AMBEV ON ,ABEV3<XBSP>,3,-2.699386503,-0.026993865
282,2014-05-01,2014-05-31,PETROBRAS PN ,PETR4<XBSP>,3,0.724200362,0.007242004
283,2014-05-01,2014-05-31,PÃO DE AÇÚCAR PN ,PCAR4<XBSP>,2,-3.381478904,-0.033814789
284,2014-05-01,2014-05-31,VALE PNA ,VALE5<XBSP>,2,-2.952308857,-0.029523089
285,2014-05-01,2014-05-31,CEMIG PN ,CMIG4<XBSP>,2,-3.217473748,-0.032174737
286,2014-05-01,2014-05-31,BRADESCO PN ,BBDC4<XBSP>,2,-5.907685304,-0.059076853
287,2014-05-01,2014-05-31,CIELO ON ,CIEL3<XBSP>,2,1.341772152,0.013417722
288,2014-05-01,2014-05-31,KROTON ON ,COGN3<XBSP>,2,19.59210466,0.195921047
289,2014-06-01,2014-06-30,AMBEV ON ,ABEV3<XBSP>,5,-0.630517024,-0.00630517
290,2014-06-01,2014-06-30,CIELO ON ,CIEL3<XBSP>,5,13.66475144,0.136647514
291,2014-06-01,2014-06-30,ESTÁCIO PART. ON ,YDUQ3<XBSP>,5,8.776496839,0.087764968
292,2014-06-01,2014-06-30,BB SEGURIDADE ON ,BBSE3<XBSP>,5,13.8245614,0.138245614
293,2014-06-01,2014-06-30,PÃO DE AÇÚCAR PN ,PCAR4<XBSP>,4,1.168958743,0.011689587
294,2014-06-01,2014-06-30,ULTRAPAR ON ,UGPA3<XBSP>,2,-2.321262767,-0.023212628
295,2014-06-01,2014-06-30,SUZANO PAPEL PNA ,SUZB5<XBSP>,2,3.965303593,0.039653036
296,2014-06-01,2014-06-30,PETROBRAS PN ,PETR4<XBSP>,2,3.594967046,0.03594967
297,2014-06-01,2014-06-30,BRADESCO PN ,BBDC4<XBSP>,2,3.378030346,0.033780303
298,2014-06-01,2014-06-30,ITAÚ UNIBANCO PN ,ITUB4<XBSP>,2,0.80837036,0.008083704
299,2014-07-01,2014-07-31,PÃO DE AÇÚCAR PN ,PCAR4<XBSP>,5,6.321002039,0.06321002
300,2014-07-01,2014-07-31,CIELO ON ,CIEL3<XBSP>,4,-8.791208791,-0.087912088
301,2014-07-01,2014-07-31,ESTÁCIO PART. ON ,YDUQ3<XBSP>,4,-3.760683761,-0.037606838
302,2014-07-01,2014-07-31,BB SEGURIDADE ON ,BBSE3<XBSP>,4,2.034525278,0.020345253
303,2014-07-01,2014-07-31,VALID ON ,VLID3<XBSP>,3,-2.522074417,-0.025220744
304,2014-07-01,2014-07-31,PETROBRAS PN ,PETR4<XBSP>,2,10.46847889,0.104684789
305,2014-07-01,2014-07-31,VALE PNA ,VALE5<XBSP>,2,10.55028463,0.105502846
306,2014-07-01,2014-07-31,BRADESCO PN ,BBDC4<XBSP>,2,8.05730932,0.080573093
307,2014-07-01,2014-07-31,AMBEV ON ,ABEV3<XBSP>,2,0.404923546,0.004049235
308,2014-07-01,2014-07-31,ITAÚ UNIBANCO PN ,ITUB4<XBSP>,2,9.841965264,0.098419653
309,2014-08-01,2014-08-31,ESTÁCIO PART. ON ,YDUQ3<XBSP>,4,5.612788632,0.056127886
310,2014-08-01,2014-08-31,ITAÚ UNIBANCO PN ,ITUB4<XBSP>,4,16.11716844,0.161171684
311,2014-08-01,2014-08-31,PETROBRAS PN ,PETR4<XBSP>,4,22.2513089,0.222513089
312,2014-08-01,2014-08-31,VALE PNA ,VALE5<XBSP>,4,-10.8479231,-0.108479231
313,2014-08-01,2014-08-31,KROTON ON ,COGN3<XBSP>,4,10.97318769,0.109731877
314,2014-08-01,2014-08-31,BB SEGURIDADE ON ,BBSE3<XBSP>,4,9.882616465,0.098826165
315,2014-08-01,2014-08-31,BRF ON ,BRFS3<XBSP>,3,7.927927928,0.079279279
316,2014-08-01,2014-08-31,CETIP ON ,CTIP3<XBSP>,2,3.561188803,0.035611888
317,2014-08-01,2014-08-31,CIELO ON ,CIEL3<XBSP>,2,1.108433735,0.011084337
318,2014-08-01,2014-08-31,BRADESCO PN ,BBDC4<XBSP>,2,18.07050733,0.180705073
319,2014-09-01,2014-09-30,ITAÚ UNIBANCO PN ,ITUB4<XBSP>,4,-16.04907671,-0.160490767
320,2014-09-01,2014-09-30,BRF ON ,BRFS3<XBSP>,4,-2.771285476,-0.027712855
321,2014-09-01,2014-09-30,BB SEGURIDADE ON ,BBSE3<XBSP>,4,-9.904868495,-0.099048685
322,2014-09-01,2014-09-30,ESTÁCIO PART. ON ,YDUQ3<XBSP>,3,-14.42986882,-0.144298688
323,2014-09-01,2014-09-30,VALE PNA ,VALE5<XBSP>,3,-8.432807085,-0.084328071
324,2014-09-01,2014-09-30,PETROBRAS PN ,PETR4<XBSP>,3,-22.5267666,-0.225267666
325,2014-09-01,2014-09-30,PETROBRAS ON ,PETR3<XBSP>,2,-22.08672087,-0.220867209
326,2014-09-01,2014-09-30,COSAN ON ,CSAN3<XBSP>,2,-15.39784946,-0.153978495
327,2014-09-01,2014-09-30,BM&FBOVESPA ON ,B3SA3<XBSP>,2,-17.11111111,-0.171111111
328,2014-09-01,2014-09-30,BRADESCO PN ,BBDC4<XBSP>,2,-14.64810142,-0.146481014
329,2014-10-01,2014-10-31,PETROBRAS PN ,PETR4<XBSP>,5,-15.53344389,-0.155334439
330,2014-10-01,2014-10-31,BB SEGURIDADE ON ,BBSE3<XBSP>,5,2.670807453,0.026708075
331,2014-10-01,2014-10-31,ITAÚ UNIBANCO PN ,ITUB4<XBSP>,4,8.551174125,0.085511741
332,2014-10-01,2014-10-31,ESTÁCIO PART. ON ,YDUQ3<XBSP>,4,12.81446541,0.128144654
333,2014-10-01,2014-10-31,BRF ON ,BRFS3<XBSP>,4,10.73145604,0.10731456
334,2014-10-01,2014-10-31,CIELO ON ,CIEL3<XBSP>,4,1.725,0.01725
335,2014-10-01,2014-10-31,BRADESCO PN ,BBDC4<XBSP>,3,7.18430706,0.071843071
336,2014-10-01,2014-10-31,VALE PNA ,VALE5<XBSP>,2,-5.461402973,-0.05461403
337,2014-10-01,2014-10-31,KROTON ON ,COGN3<XBSP>,2,14.82444733,0.148244473
338,2014-10-01,2014-10-31,SUZANO PAPEL PNA ,SUZB5<XBSP>,2,6.300813008,0.06300813
339,2014-11-01,2014-11-30,PETROBRAS PN ,PETR4<XBSP>,6,-16.23036649,-0.162303665
340,2014-11-01,2014-11-30,BB SEGURIDADE ON ,BBSE3<XBSP>,6,1.542649728,0.015426497
341,2014-11-01,2014-11-30,ITAÚ UNIBANCO PN ,ITUB4<XBSP>,6,5.076902137,0.050769021
342,2014-11-01,2014-11-30,ESTÁCIO PART. ON ,YDUQ3<XBSP>,4,-2.822299652,-0.028222997
343,2014-11-01,2014-11-30,BRF ON ,BRFS3<XBSP>,4,2.961699488,0.029616995
344,2014-11-01,2014-11-30,BRADESCO PN ,BBDC4<XBSP>,3,6.061705618,0.060617056
345,2014-11-01,2014-11-30,KROTON ON ,COGN3<XBSP>,3,1.528878822,0.015288788
346,2014-11-01,2014-11-30,SUZANO PAPEL PNA ,SUZB5<XBSP>,2,4.015296367,0.040152964
347,2014-11-01,2014-11-30,CIELO ON ,CIEL3<XBSP>,2,8.01179651,0.080117965
348,2014-11-01,2014-11-30,PÃO DE AÇÚCAR PN ,PCAR4<XBSP>,2,4.566490902,0.045664909
349,2014-12-01,2014-12-31,ITAÚ UNIBANCO PN ,ITUB4<XBSP>,6,-10.32784761,-0.103278476
350,2014-12-01,2014-12-31,BB SEGURIDADE ON ,BBSE3<XBSP>,6,-4.200178731,-0.042001787
351,2014-12-01,2014-12-31,ESTÁCIO PART. ON ,YDUQ3<XBSP>,4,-14.5930441,-0.145930441
352,2014-12-01,2014-12-31,BRADESCO PN ,BBDC4<XBSP>,4,-9.692689299,-0.096926893
353,2014-12-01,2014-12-31,CIELO ON ,CIEL3<XBSP>,4,-5.187713311,-0.051877133
354,2014-12-01,2014-12-31,BRF ON ,BRFS3<XBSP>,4,-4.457831325,-0.044578313
355,2014-12-01,2014-12-31,KROTON ON ,COGN3<XBSP>,3,-13.55270496,-0.13552705
356,2014-12-01,2014-12-31,PETROBRAS PN ,PETR4<XBSP>,2,-21.71875,-0.2171875
357,2014-12-01,2014-12-31,EMBRAER ON ,EMBR3<XBSP>,2,3.924665185,0.039246652
358,2014-12-01,2014-12-31,PÃO DE AÇÚCAR PN ,PCAR4<XBSP>,2,-9.096774194,-0.090967742
359,2015-01-01,2015-01-31,ITAÚ UNIBANCO PN ,ITUB4<XBSP>,6,-4.872054359,-0.048720544
360,2015-01-01,2015-01-31,CIELO ON ,CIEL3<XBSP>,5,-4.007679386,-0.040076794
361,2015-01-01,2015-01-31,EMBRAER ON ,EMBR3<XBSP>,4,-2.86415712,-0.028641571
362,2015-01-01,2015-01-31,BB SEGURIDADE ON ,BBSE3<XBSP>,4,-8.582089552,-0.085820896
363,2015-01-01,2015-01-31,PÃO DE AÇÚCAR PN ,PCAR4<XBSP>,3,-9.662374531,-0.096623745
364,2015-01-01,2015-01-31,BRF ON ,BRFS3<XBSP>,3,2.343411622,0.023434116
365,2015-01-01,2015-01-31,FIBRIA ON ,FIBR3<XBSP>,3,-0.645955091,-0.006459551
366,2015-01-01,2015-01-31,SUZANO PAPEL PNA ,SUZB5<XBSP>,2,-3.377777778,-0.033777778
367,2015-01-01,2015-01-31,BRADESCO PN ,BBDC4<XBSP>,2,-3.735401905,-0.037354019
368,2015-01-01,2015-01-31,ESTACIO PART. ON ,YDUQ3<XBSP>,2,-29.93282956,-0.299328296
369,2015-02-01,2015-02-28,ITAÚ UNIBANCO PN ,ITUB4<XBSP>,9,13.74455966,0.137445597
370,2015-02-01,2015-02-28,BRF ON ,BRFS3<XBSP>,6,0.077663871,0.000776639
371,2015-02-01,2015-02-28,BB SEGURIDADE ON ,BBSE3<XBSP>,4,13.19401279,0.131940128
372,2015-02-01,2015-02-28,EMBRAER ON ,EMBR3<XBSP>,4,4.886267902,0.048862679
373,2015-02-01,2015-02-28,CIELO ON ,CIEL3<XBSP>,3,11.775,0.11775
374,2015-02-01,2015-02-28,SUZANO PAPEL PNA ,SUZB5<XBSP>,3,10.9475621,0.109475621
375,2015-02-01,2015-02-28,KLABIN UNIT ,KLBN11<XBSP>,2,16.87363039,0.168736304
376,2015-02-01,2015-02-28,CETIP ON ,CTIP3<XBSP>,2,-0.145137881,-0.001451379
377,2015-02-01,2015-02-28,BRADESCO PN ,BBDC4<XBSP>,2,12.02921356,0.120292136
378,2015-02-01,2015-02-28,FIBRIA ON ,FIBR3<XBSP>,2,14.11764706,0.141176471
379,2015-03-01,2015-03-31,ITAÚ UNIBANCO PN ,ITUB4<XBSP>,7,-3.220501576,-0.032205016
380,2015-03-01,2015-03-31,BB SEGURIDADE ON ,BBSE3<XBSP>,6,1.234567901,0.012345679
381,2015-03-01,2015-03-31,BRF ON ,BRFS3<XBSP>,4,-1.753841378,-0.017538414
382,2015-03-01,2015-03-31,SUZANO PAPEL PNA ,SUZB5<XBSP>,4,22.63681592,0.226368159
383,2015-03-01,2015-03-31,RAIA DROGASIL ON ,RADL3<XBSP>,4,0.870035296,0.008700353
384,2015-03-01,2015-03-31,LOJAS AMERICANAS PN ,LAME4<XBSP>,3,-1.115647732,-0.011156477
385,2015-03-01,2015-03-31,CIELO ON ,CIEL3<XBSP>,3,3.346036317,0.033460363
386,2015-03-01,2015-03-31,KLABIN UNIT ,KLBN11<XBSP>,2,14.4784756,0.144784756
387,2015-03-01,2015-03-31,CETIP ON ,CTIP3<XBSP>,2,-7.158064285,-0.071580643
388,2015-03-01,2015-03-31,PÃO DE AÇÚCAR PN ,PCAR4<XBSP>,2,-1.44107051,-0.014410705
389,2015-04-01,2015-04-30,ITAÚ UNIBANCO PN ,ITUB4<XBSP>,6,9.165604193,0.091656042
390,2015-04-01,2015-04-30,BB SEGURIDADE ON ,BBSE3<XBSP>,5,7.469512195,0.074695122
391,2015-04-01,2015-04-30,RAIA DROGASIL ON ,RADL3<XBSP>,5,19.41340782,0.194134078
392,2015-04-01,2015-04-30,SUZANO PAPEL PNA ,SUZB5<XBSP>,4,2.096010818,0.020960108
393,2015-04-01,2015-04-30,CIELO ON ,CIEL3<XBSP>,4,10.15101773,0.101510177
394,2015-04-01,2015-04-30,KLABIN UNIT ,KLBN11<XBSP>,3,1.538461538,0.015384615
395,2015-04-01,2015-04-30,M. DIAS BRANCO ON ,MDIA3<XBSP>,2,0.499361282,0.004993613
396,2015-04-01,2015-04-30,CETIP ON ,CTIP3<XBSP>,2,9.842714461,0.098427145
397,2015-04-01,2015-04-30,BRF ON ,BRFS3<XBSP>,2,1.737756714,0.017377567
398,2015-04-01,2015-04-30,CPFL ENERGIA ON ,CPFE3<XBSP>,2,0.218715995,0.00218716
399,2015-05-01,2015-05-31,ITAÚ UNIBANCO PN ,ITUB4<XBSP>,8,-10.8658964,-0.108658964
400,2015-05-01,2015-05-31,CIELO ON ,CIEL3<XBSP>,7,-4.625655699,-0.046256557
401,2015-05-01,2015-05-31,SUZANO PAPEL PNA ,SUZB5<XBSP>,6,11.51327797,0.11513278
402,2015-05-01,2015-05-31,BB SEGURIDADE ON ,BBSE3<XBSP>,5,-5.390070922,-0.053900709
403,2015-05-01,2015-05-31,CETIP ON ,CTIP3<XBSP>,4,-2.840751667,-0.028407517
404,2015-05-01,2015-05-31,BRADESCO PN ,BBDC4<XBSP>,2,-12.23079377,-0.122307938
405,2015-05-01,2015-05-31,QUALICORP ON ,QUAL3<XBSP>,2,-22.04992662,-0.220499266
406,2015-05-01,2015-05-31,KLABIN UNIT ,KLBN11<XBSP>,2,2.813852814,0.028138528
407,2015-05-01,2015-05-31,AMBEV ON ,ABEV3<XBSP>,2,-2.851108765,-0.028511088
408,2015-05-01,2015-05-31,EMBRAER ON ,EMBR3<XBSP>,2,1.531914894,0.015319149
409,2015-06-01,2015-06-30,ITAÚ UNIBANCO PN ,ITUB4<XBSP>,7,-0.27684686,-0.002768469
410,2015-06-01,2015-06-30,BB SEGURIDADE ON ,BBSE3<XBSP>,6,2.248875562,0.022488756
411,2015-06-01,2015-06-30,SUZANO PAPEL PNA ,SUZB5<XBSP>,6,-0.839328537,-0.008393285
412,2015-06-01,2015-06-30,CIELO ON ,CIEL3<XBSP>,4,9.55,0.0955
413,2015-06-01,2015-06-30,M. DIAS BRANCO ON ,MDIA3<XBSP>,2,-4.761904762,-0.047619048
414,2015-06-01,2015-06-30,QUALICORP ON ,QUAL3<XBSP>,2,3.736842105,0.037368421
415,2015-06-01,2015-06-30,EQUATORIAL ON ,EQTL3<XBSP>,2,4.084048535,0.040840485
416,2015-06-01,2015-06-30,CETIP ON ,CTIP3<XBSP>,2,2.703889875,0.027038899
417,2015-06-01,2015-06-30,AMBEV ON ,ABEV3<XBSP>,2,4.367583571,0.043675836
418,2015-06-01,2015-06-30,KLABIN UNIT ,KLBN11<XBSP>,2,0.473684211,0.004736842
419,2015-07-01,2015-07-31,BB SEGURIDADE ON ,BBSE3<XBSP>,6,-5.425219941,-0.054252199
420,2015-07-01,2015-07-31,CIELO ON ,CIEL3<XBSP>,5,-0.205385669,-0.002053857
421,2015-07-01,2015-07-31,ITAÚ UNIBANCO PN ,ITUB4<XBSP>,5,-3.265604444,-0.032656044
422,2015-07-01,2015-07-31,CETIP ON ,CTIP3<XBSP>,4,4.049295775,0.040492958
423,2015-07-01,2015-07-31,KLABIN UNIT ,KLBN11<XBSP>,3,12.21769588,0.122176959
424,2015-07-01,2015-07-31,SUZANO PAPEL PNA ,SUZB5<XBSP>,3,1.511487304,0.015114873
425,2015-07-01,2015-07-31,VALID ON ,VLID3<XBSP>,2,3.862655875,0.038626559
426,2015-07-01,2015-07-31,EQUATORIAL ON ,EQTL3<XBSP>,2,-0.483366505,-0.004833665
427,2015-07-01,2015-07-31,AMBEV ON ,ABEV3<XBSP>,2,1.884816754,0.018848168
428,2015-07-01,2015-07-31,KROTON ON ,COGN3<XBSP>,2,-19.25988225,-0.192598823
429,2015-08-01,2015-08-31,BB SEGURIDADE ON ,BBSE3<XBSP>,6,-8.417208547,-0.084172085
430,2015-08-01,2015-08-31,SUZANO PAPEL PNA ,SUZB5<XBSP>,5,4.705181656,0.047051817
431,2015-08-01,2015-08-31,ITAÚ UNIBANCO PN ,ITUB4<XBSP>,5,-10.57350424,-0.105735042
432,2015-08-01,2015-08-31,VALID ON ,VLID3<XBSP>,5,-5.533199195,-0.055331992
433,2015-08-01,2015-08-31,CETIP ON ,CTIP3<XBSP>,4,-6.917498395,-0.069174984
434,2015-08-01,2015-08-31,CIELO ON ,CIEL3<XBSP>,4,-12.30276698,-0.12302767
435,2015-08-01,2015-08-31,KLABIN UNIT ,KLBN11<XBSP>,3,-4.569006123,-0.045690061
436,2015-08-01,2015-08-31,AMBEV ON ,ABEV3<XBSP>,2,-1.901336074,-0.019013361
437,2015-08-01,2015-08-31,KROTON ON ,COGN3<XBSP>,2,-8.976576125,-0.089765761
438,2015-08-01,2015-08-31,EQUATORIAL ON ,EQTL3<XBSP>,1,1.0,0.01
439,2015-09-01,2015-09-30,SUZANO PAPEL PNA ,SUZB5<XBSP>,6,9.726962457,0.097269625
440,2015-09-01,2015-09-30,CIELO ON ,CIEL3<XBSP>,5,-3.680534407,-0.036805344
441,2015-09-01,2015-09-30,VALID ON ,VLID3<XBSP>,5,-2.534611289,-0.025346113
442,2015-09-01,2015-09-30,ITAÚ UNIBANCO PN ,ITUB4<XBSP>,4,-0.094215187,-0.000942152
443,2015-09-01,2015-09-30,BB SEGURIDADE ON ,BBSE3<XBSP>,4,-13.55400697,-0.13554007
444,2015-09-01,2015-09-30,KLABIN UNIT ,KLBN11<XBSP>,3,7.996051333,0.079960513
445,2015-09-01,2015-09-30,FIBRIA ON ,FIBR3<XBSP>,3,5.037094885,0.050370949
446,2015-09-01,2015-09-30,BRF ON ,BRFS3<XBSP>,3,1.539125432,0.015391254
447,2015-09-01,2015-09-30,AMBEV ON ,ABEV3<XBSP>,3,2.512790337,0.025127903
448,2015-09-01,2015-09-30,KROTON ON ,COGN3<XBSP>,2,-11.17511521,-0.111751152
449,2015-10-01,2015-10-31,VALID ON ,VLID3<XBSP>,5,-4.30506993,-0.043050699
450,2015-10-01,2015-10-31,ITAÚ UNIBANCO PN ,ITUB4<XBSP>,4,-0.094357426,-0.000943574
451,2015-10-01,2015-10-31,SUZANO PAPEL PNA ,SUZB5<XBSP>,4,-14.20425091,-0.142042509
452,2015-10-01,2015-10-31,CIELO ON ,CIEL3<XBSP>,4,-0.136388434,-0.001363884
453,2015-10-01,2015-10-31,BB SEGURIDADE ON ,BBSE3<XBSP>,4,7.214832729,0.072148327
454,2015-10-01,2015-10-31,KROTON ON ,COGN3<XBSP>,3,27.88586252,0.278858625
455,2015-10-01,2015-10-31,FIBRIA ON ,FIBR3<XBSP>,3,-2.156133829,-0.021561338
456,2015-10-01,2015-10-31,BRF ON ,BRFS3<XBSP>,3,-14.86046182,-0.148604618
457,2015-10-01,2015-10-31,AMBEV ON ,ABEV3<XBSP>,3,-1.699279094,-0.016992791
458,2015-10-01,2015-10-31,KLABIN UNIT ,KLBN11<XBSP>,3,0.738783307,0.007387833
459,2015-11-01,2015-11-30,ITAÚ UNIBANCO PN ,ITUB4<XBSP>,4,5.046305046,0.05046305
460,2015-11-01,2015-11-30,VALID ON ,VLID3<XBSP>,4,-1.103789781,-0.011037898
461,2015-11-01,2015-11-30,AMBEV ON ,ABEV3<XBSP>,4,-2.357255107,-0.023572551
462,2015-11-01,2015-11-30,CETIP ON ,CTIP3<XBSP>,4,8.870877358,0.088708774
463,2015-11-01,2015-11-30,BB SEGURIDADE ON ,BBSE3<XBSP>,4,-2.368421053,-0.023684211
464,2015-11-01,2015-11-30,CIELO ON ,CIEL3<XBSP>,3,-4.097241191,-0.040972412
465,2015-11-01,2015-11-30,SUZANO PAPEL PNA ,SUZB5<XBSP>,3,15.5273918,0.155273918
466,2015-11-01,2015-11-30,HYPERMARCAS ON ,HYPE3<XBSP>,2,28.0,0.28
467,2015-11-01,2015-11-30,KLABIN UNIT ,KLBN11<XBSP>,2,8.207934337,0.082079343
468,2015-11-01,2015-11-30,RAIA DROGASIL ON ,RADL3<XBSP>,2,-0.850212553,-0.008502126
469,2015-12-01,2015-12-31,FIBRIA ON ,FIBR3<XBSP>,4,-3.221393905,-0.032213939
470,2015-12-01,2015-12-31,WEG ON ,WEGE3<XBSP>,4,-1.267607768,-0.012676078
471,2015-12-01,2015-12-31,BB SEGURIDADE ON ,BBSE3<XBSP>,4,-6.314978822,-0.063149788
472,2015-12-01,2015-12-31,RAIA DROGASIL ON ,RADL3<XBSP>,3,-10.22026,-0.1022026
473,2015-12-01,2015-12-31,VALID ON ,VLID3<XBSP>,3,-0.646969915,-0.006469699
474,2015-12-01,2015-12-31,ITAÚ UNIBANCO PN ,ITUB4<XBSP>,3,-4.517931839,-0.045179318
475,2015-12-01,2015-12-31,EMBRAER ON ,EMBR3<XBSP>,3,-0.551798276,-0.005517983
476,2015-12-01,2015-12-31,CIELO ON ,CIEL3<XBSP>,3,-4.329250926,-0.043292509
477,2015-12-01,2015-12-31,CETIP ON ,CTIP3<XBSP>,3,2.169527416,0.021695274
478,2015-12-01,2015-12-31,AMBEV ON ,ABEV3<XBSP>,3,-3.433476395,-0.034334764
479,2016-01-01,2016-01-31,BB SEGURIDADE ON ,BBSE3<XBSP>,5,-4.932182491,-0.049321825
480,2016-01-01,2016-01-31,ITAÚ UNIBANCO PN ,ITUB4<XBSP>,4,-5.187155615,-0.051871556
481,2016-01-01,2016-01-31,CETIP ON ,CTIP3<XBSP>,4,1.973333333,0.019733333
482,2016-01-01,2016-01-31,VALID ON ,VLID3<XBSP>,3,-6.164705882,-0.061647059
483,2016-01-01,2016-01-31,CIELO ON ,CIEL3<XBSP>,3,0.833581423,0.008335814
484,2016-01-01,2016-01-31,KROTON ON ,COGN3<XBSP>,3,-10.80797482,-0.108079748
485,2016-01-01,2016-01-31,SUZANO PAPEL PNA ,SUZB5<XBSP>,2,-14.66024612,-0.146602461
486,2016-01-01,2016-01-31,FIBRIA ON ,FIBR3<XBSP>,2,-15.08961264,-0.150896126
487,2016-01-01,2016-01-31,BRF ON ,BRFS3<XBSP>,2,-11.8324113,-0.118324113
488,2016-01-01,2016-01-31,ITAUSA PN ,ITSA4<XBSP>,2,0.0,0.0
489,2016-02-01,2016-02-29,BB SEGURIDADE ON ,BBSE3<XBSP>,6,7.871801547,0.078718015
490,2016-02-01,2016-02-29,ITAÚ UNIBANCO PN ,ITUB4<XBSP>,4,4.644030988,0.04644031
491,2016-02-01,2016-02-29,CETIP ON ,CTIP3<XBSP>,4,-0.889121339,-0.008891213
492,2016-02-01,2016-02-29,WEG ON ,WEGE3<XBSP>,3,-14.20276337,-0.142027634
493,2016-02-01,2016-02-29,KLABIN UNIT ,KLBN11<XBSP>,3,3.052949159,0.030529492
494,2016-02-01,2016-02-29,BRF ON ,BRFS3<XBSP>,3,6.572672611,0.065726726
495,2016-02-01,2016-02-29,AMBEV ON ,ABEV3<XBSP>,2,-4.803022126,-0.048030221
496,2016-02-01,2016-02-29,ULTRAPAR ON ,UGPA3<XBSP>,2,7.220099678,0.072200997
497,2016-02-01,2016-02-29,ITAUSA PN ,ITSA4<XBSP>,2,1.905480647,0.019054806
498,2016-02-01,2016-02-29,CIELO ON ,CIEL3<XBSP>,2,-8.444050782,-0.084440508
499,2016-03-01,2016-03-31,BB SEGURIDADE ON ,BBSE3<XBSP>,8,23.13432836,0.231343284
500,2016-03-01,2016-03-31,KLABIN UNIT ,KLBN11<XBSP>,4,-9.906976744,-0.099069767
501,2016-03-01,2016-03-31,ULTRAPAR ON ,UGPA3<XBSP>,4,11.04216388,0.110421639
502,2016-03-01,2016-03-31,ITAÚ UNIBANCO PN ,ITUB4<XBSP>,4,22.94662202,0.22946622
503,2016-03-01,2016-03-31,SÃO MARTINHO ON ,SMTO3<XBSP>,3,-0.984211606,-0.009842116
504,2016-03-01,2016-03-31,TELEFÔNICA BRASIL PN ,VIVT4<XBSP>,2,18.80932132,0.188093213
505,2016-03-01,2016-03-31,BRF ON ,BRFS3<XBSP>,2,0.051572023,0.00051572
506,2016-03-01,2016-03-31,SUZANO PAPEL PNA ,SUZB5<XBSP>,2,-23.27272727,-0.232727273
507,2016-03-01,2016-03-31,ITAUSA PN ,ITSA4<XBSP>,2,20.05878031,0.200587803
508,2016-03-01,2016-03-31,FIBRIA ON ,FIBR3<XBSP>,2,-31.04545455,-0.310454545
509,2016-04-01,2016-04-30,BB SEGURIDADE ON ,BBSE3<XBSP>,6,1.01010101,0.01010101
510,2016-04-01,2016-04-30,ITAÚ UNIBANCO PN ,ITUB4<XBSP>,6,5.369450233,0.053694502
511,2016-04-01,2016-04-30,LOJAS RENNER ON ,LREN3<XBSP>,3,0.803050135,0.008030501
512,2016-04-01,2016-04-30,CCR ON ,CCRO3<XBSP>,3,15.32430506,0.153243051
513,2016-04-01,2016-04-30,KROTON ON ,COGN3<XBSP>,2,11.49825784,0.114982578
514,2016-04-01,2016-04-30,ULTRAPAR ON ,UGPA3<XBSP>,2,3.768448202,0.037684482
515,2016-04-01,2016-04-30,CIELO ON ,CIEL3<XBSP>,2,14.95567629,0.149556763
516,2016-04-01,2016-04-30,BRF ON ,BRFS3<XBSP>,2,-4.112258819,-0.041122588
517,2016-04-01,2016-04-30,AMBEV ON ,ABEV3<XBSP>,2,3.02869288,0.030286929
518,2016-04-01,2016-04-30,EQUATORIAL ON ,EQTL3<XBSP>,2,5.5608618,0.055608618
519,2016-05-01,2016-05-31,ITAÚ UNIBANCO PN ,ITUB4<XBSP>,5,-11.58119008,-0.115811901
520,2016-05-01,2016-05-31,BB SEGURIDADE ON ,BBSE3<XBSP>,4,-9.133333333,-0.091333333
521,2016-05-01,2016-05-31,LOJAS RENNER ON ,LREN3<XBSP>,3,0.625902744,0.006259027
522,2016-05-01,2016-05-31,HYPERMARCAS ON ,HYPE3<XBSP>,3,-5.420187802,-0.054201878
523,2016-05-01,2016-05-31,RAIA DROGASIL ON ,RADL3<XBSP>,2,4.905523256,0.049055233
524,2016-05-01,2016-05-31,LOCALIZA ON ,RENT3<XBSP>,2,0.772855649,0.007728556
525,2016-05-01,2016-05-31,PÃO DE AÇÚCAR PN ,PCAR4<XBSP>,2,-20.07508398,-0.20075084
526,2016-05-01,2016-05-31,BM&FBOVESPA ON ,B3SA3<XBSP>,2,-6.789339985,-0.0678934
527,2016-05-01,2016-05-31,CCR ON ,CCRO3<XBSP>,2,-5.747836836,-0.057478368
528,2016-05-01,2016-05-31,CIELO ON ,CIEL3<XBSP>,2,-5.223880597,-0.052238806
529,2016-06-01,2016-06-30,AMBEV ON ,ABEV3<XBSP>,4,-0.313971743,-0.003139717
530,2016-06-01,2016-06-30,ITAÚ UNIBANCO PN ,ITUB4<XBSP>,4,4.356810746,0.043568107
531,2016-06-01,2016-06-30,BB SEGURIDADE ON ,BBSE3<XBSP>,4,3.11812179,0.031181218
532,2016-06-01,2016-06-30,RAIA DROGASIL ON ,RADL3<XBSP>,3,9.61876932,0.096187693
533,2016-06-01,2016-06-30,LOJAS RENNER ON ,LREN3<XBSP>,3,13.66467351,0.136646735
534,2016-06-01,2016-06-30,EQUATORIAL ON ,EQTL3<XBSP>,3,6.688596491,0.066885965
535,2016-06-01,2016-06-30,ULTRAPAR ON ,UGPA3<XBSP>,2,4.19047619,0.041904762
536,2016-06-01,2016-06-30,SUZANO PAPEL PNA ,SUZB5<XBSP>,2,-22.7148704,-0.227148704
537,2016-06-01,2016-06-30,FIBRIA ON ,FIBR3<XBSP>,2,-35.53892216,-0.355389222
538,2016-06-01,2016-06-30,BRADESCO PN ,BBDC4<XBSP>,2,11.37951503,0.11379515
539,2016-07-01,2016-07-31,BB SEGURIDADE ON ,BBSE3<XBSP>,5,7.221629314,0.072216293
540,2016-07-01,2016-07-31,ULTRAPAR ON ,UGPA3<XBSP>,4,4.120376881,0.041203769
541,2016-07-01,2016-07-31,CIELO ON ,CIEL3<XBSP>,4,8.535144714,0.085351447
542,2016-07-01,2016-07-31,ITAÚ UNIBANCO PN ,ITUB4<XBSP>,3,11.57338616,0.115733862
543,2016-07-01,2016-07-31,AMBEV ON ,ABEV3<XBSP>,3,-0.646565521,-0.006465655
544,2016-07-01,2016-07-31,RUMO LOG. ON ,RUMO3<XBSP>,3,24.89795918,0.248979592
545,2016-07-01,2016-07-31,BR MALLS PART. ON ,BRML3<XBSP>,2,9.416342412,0.094163424
546,2016-07-01,2016-07-31,LOJAS RENNER ON ,LREN3<XBSP>,2,15.06964964,0.150696496
547,2016-07-01,2016-07-31,BM&FBOVESPA ON ,B3SA3<XBSP>,2,6.055555556,0.060555556
548,2016-07-01,2016-07-31,RAIA DROGASIL ON ,RADL3<XBSP>,2,4.973075705,0.049730757
549,2016-08-01,2016-08-31,BB SEGURIDADE ON ,BBSE3<XBSP>,5,-0.584631733,-0.005846317
550,2016-08-01,2016-08-31,ITAÚ UNIBANCO PN ,ITUB4<XBSP>,4,7.335215335,0.073352153
551,2016-08-01,2016-08-31,CIELO ON ,CIEL3<XBSP>,3,-8.598639456,-0.085986395
552,2016-08-01,2016-08-31,RUMO LOG. ON ,RUMO3<XBSP>,3,17.64705882,0.176470588
553,2016-08-01,2016-08-31,VALE PNA ,VALE5<XBSP>,2,-3.597601599,-0.035976016
554,2016-08-01,2016-08-31,ULTRAPAR ON ,UGPA3<XBSP>,2,1.554491743,0.015544917
555,2016-08-01,2016-08-31,GERDAU PN ,GGBR4<XBSP>,2,17.52590015,0.175259001
556,2016-08-01,2016-08-31,BRF ON ,BRFS3<XBSP>,2,-0.828729282,-0.008287293
557,2016-08-01,2016-08-31,BANCO DO BRASIL ON ,BBAS3<XBSP>,2,10.9548214,0.109548214
558,2016-08-01,2016-08-31,PETROBRAS PN ,PETR4<XBSP>,2,8.256107835,0.082561078
559,2016-09-01,2016-09-30,PETROBRAS PN ,PETR4<XBSP>,6,5.60311284,0.056031128
560,2016-09-01,2016-09-30,CIELO ON ,CIEL3<XBSP>,4,-2.415067548,-0.024150675
561,2016-09-01,2016-09-30,ITAÚ UNIBANCO PN ,ITUB4<XBSP>,4,-0.879028882,-0.008790289
562,2016-09-01,2016-09-30,BB SEGURIDADE ON ,BBSE3<XBSP>,4,2.504288165,0.025042882
563,2016-09-01,2016-09-30,TRANSMISSÃO PAULISTA PN ,TRPL4<XBSP>,2,-1.785714286,-0.017857143
564,2016-09-01,2016-09-30,VALE PNA ,VALE5<XBSP>,2,6.427090532,0.064270905
565,2016-09-01,2016-09-30,RUMO LOG. ON ,RUMO3<XBSP>,2,-12.22222222,-0.122222222
566,2016-09-01,2016-09-30,RAIA DROGASIL ON ,RADL3<XBSP>,2,11.30790952,0.113079095
567,2016-09-01,2016-09-30,BANCO DO BRASIL ON ,BBAS3<XBSP>,2,-1.22135929,-0.012213593
568,2016-09-01,2016-09-30,GERDAU PN ,GGBR4<XBSP>,2,-2.422907489,-0.024229075
569,2016-10-01,2016-10-31,PETROBRAS PN ,PETR4<XBSP>,7,30.36109064,0.303610906
570,2016-10-01,2016-10-31,ITAÚ UNIBANCO PN ,ITUB4<XBSP>,5,18.96915927,0.189691593
571,2016-10-01,2016-10-31,GERDAU PN ,GGBR4<XBSP>,3,24.37923251,0.243792325
572,2016-10-01,2016-10-31,ECORODOVIAS ON ,ECOR3<XBSP>,3,6.524184477,0.065241845
573,2016-10-01,2016-10-31,BB SEGURIDADE ON ,BBSE3<XBSP>,3,7.563587684,0.075635877
574,2016-10-01,2016-10-31,RAIA DROGASIL ON ,RADL3<XBSP>,2,6.910078455,0.069100785
575,2016-10-01,2016-10-31,KLABIN UNIT ,KLBN11<XBSP>,2,-3.462441315,-0.034624413
576,2016-10-01,2016-10-31,BM&FBOVESPA ON ,B3SA3<XBSP>,2,11.83819155,0.118381916
577,2016-10-01,2016-10-31,CIELO ON ,CIEL3<XBSP>,2,-0.338357428,-0.003383574
578,2016-10-01,2016-10-31,BANCO DO BRASIL ON ,BBAS3<XBSP>,2,28.46491228,0.284649123
579,2016-11-01,2016-11-30,PETROBRAS PN ,PETR4<XBSP>,7,-9.553420011,-0.0955342
580,2016-11-01,2016-11-30,ITAÚ UNIBANCO PN ,ITUB4<XBSP>,5,-7.724371499,-0.077243715
581,2016-11-01,2016-11-30,GERDAU PN ,GGBR4<XBSP>,4,23.14014863,0.231401486
582,2016-11-01,2016-11-30,RAIA DROGASIL ON ,RADL3<XBSP>,3,-8.989556873,-0.089895569
583,2016-11-01,2016-11-30,BANCO DO BRASIL ON ,BBAS3<XBSP>,3,-2.318332826,-0.023183328
584,2016-11-01,2016-11-30,BB SEGURIDADE ON ,BBSE3<XBSP>,3,-11.97884256,-0.119788426
585,2016-11-01,2016-11-30,TAESA UNIT ,TAEE11<XBSP>,2,-7.948731458,-0.079487315
586,2016-11-01,2016-11-30,LOJAS RENNER ON ,LREN3<XBSP>,2,-16.74074074,-0.167407407
587,2016-11-01,2016-11-30,BM&FBOVESPA ON ,B3SA3<XBSP>,2,-11.20582951,-0.112058295
588,2016-11-01,2016-11-30,ECORODOVIAS ON ,ECOR3<XBSP>,2,-14.12323331,-0.141232333
589,2016-12-01,2016-12-31,PETROBRAS PN ,PETR4<XBSP>,8,-7.0625,-0.070625
590,2016-12-01,2016-12-31,BANCO DO BRASIL ON ,BBAS3<XBSP>,6,-1.143248631,-0.011432486
591,2016-12-01,2016-12-31,ITAÚ UNIBANCO PN ,ITUB4<XBSP>,5,-2.964815492,-0.029648155
592,2016-12-01,2016-12-31,RAIA DROGASIL ON ,RADL3<XBSP>,4,-4.86895671,-0.048689567
593,2016-12-01,2016-12-31,GERDAU PN ,GGBR4<XBSP>,3,-20.29520295,-0.20295203
594,2016-12-01,2016-12-31,TELEFÔNICA BRASIL PN ,VIVT4<XBSP>,2,-2.3914969,-0.023914969
595,2016-12-01,2016-12-31,SUZANO PAPEL PNA ,SUZB5<XBSP>,2,10.50583658,0.105058366
596,2016-12-01,2016-12-31,SABESP ON ,SBSP3<XBSP>,2,-3.905206943,-0.039052069
597,2016-12-01,2016-12-31,BM&FBOVESPA ON ,B3SA3<XBSP>,2,0.668083071,0.006680831
598,2016-12-01,2016-12-31,BRADESCO PN ,BBDC4<XBSP>,2,-1.42986537,-0.014298654
599,2017-01-01,2017-01-31,PETROBRAS PN ,PETR4<XBSP>,7,1.008742435,0.010087424
600,2017-01-01,2017-01-31,RAIA DROGASIL ON ,RADL3<XBSP>,4,7.043634581,0.070436346
601,2017-01-01,2017-01-31,ITAÚ UNIBANCO PN ,ITUB4<XBSP>,4,10.06354367,0.100635437
602,2017-01-01,2017-01-31,BM&FBOVESPA ON ,B3SA3<XBSP>,3,12.06060606,0.120606061
603,2017-01-01,2017-01-31,BANCO DO BRASIL ON ,BBAS3<XBSP>,3,10.751157,0.10751157
604,2017-01-01,2017-01-31,BRADESCO PN ,BBDC4<XBSP>,3,12.83296041,0.128329604
605,2017-01-01,2017-01-31,SUZANO PAPEL PNA ,SUZB3<XBSP>,2,-5.63,-0.0563
606,2017-01-01,2017-01-31,TRANSMISSÃO PAULISTA PN ,TRPL4<XBSP>,2,1.279482041,0.01279482
607,2017-01-01,2017-01-31,CCR ON ,CCRO3<XBSP>,2,-2.819548872,-0.028195489
608,2017-01-01,2017-01-31,AMBEV ON ,ABEV3<XBSP>,2,5.303147994,0.05303148
609,2017-02-01,2017-02-28,PETROBRAS PN ,PETR4<XBSP>,8,1.065246338,0.010652463
610,2017-02-01,2017-02-28,ITAÚ UNIBANCO PN ,ITUB4<XBSP>,5,9.606130731,0.096061307
611,2017-02-01,2017-02-28,BM&FBOVESPA ON ,B3SA3<XBSP>,4,2.866414278,0.028664143
612,2017-02-01,2017-02-28,RAIA DROGASIL ON ,RADL3<XBSP>,2,-9.312977099,-0.093129771
613,2017-02-01,2017-02-28,SUZANO PAPEL PNA ,SUZB3<XBSP>,2,0.37,0.0037
614,2017-02-01,2017-02-28,ITAUSA PN ,ITSA4<XBSP>,2,10.69157561,0.106915756
615,2017-02-01,2017-02-28,BANCO DO BRASIL ON ,BBAS3<XBSP>,2,6.396657024,0.06396657
616,2017-02-01,2017-02-28,BRADESCO PN ,BBDC4<XBSP>,2,2.261668215,0.022616682
617,2017-02-01,2017-02-28,VALE PNA ,VALE5<XBSP>,1,3.142389525,0.031423895
618,2017-02-01,2017-02-28,AMBEV ON ,ABEV3<XBSP>,1,3.720930233,0.037209302
619,2017-03-01,2017-03-31,PETROBRAS PN ,PETR4<XBSP>,8,-4.545454545,-0.045454545
620,2017-03-01,2017-03-31,ITAÚ UNIBANCO PN ,ITUB4<XBSP>,6,-5.285517931,-0.052855179
621,2017-03-01,2017-03-31,TELEFÔNICA BRASIL PN ,VIVT4<XBSP>,3,2.074150243,0.020741502
622,2017-03-01,2017-03-31,BANCO DO BRASIL ON ,BBAS3<XBSP>,3,2.319354166,0.023193542
623,2017-03-01,2017-03-31,WEG ON ,WEGE3<XBSP>,2,3.258963288,0.032589633
624,2017-03-01,2017-03-31,TAESA UNIT ,TAEE11<XBSP>,2,4.270786006,0.04270786
625,2017-03-01,2017-03-31,GERDAU PN ,GGBR4<XBSP>,2,-15.90733591,-0.159073359
626,2017-03-01,2017-03-31,BM&FBOVESPA ON ,B3SA3<XBSP>,2,1.41955836,0.014195584
627,2017-03-01,2017-03-31,EQUATORIAL ON ,EQTL3<XBSP>,2,-1.226478495,-0.012264785
628,2017-03-01,2017-03-31,AMBEV ON ,ABEV3<XBSP>,2,2.242152466,0.022421525
629,2017-04-01,2017-04-30,PETROBRAS PN ,PETR4<XBSP>,7,-3.58868185,-0.035886818
630,2017-04-01,2017-04-30,ITAÚ UNIBANCO PN ,ITUB4<XBSP>,5,3.629404778,0.036294048
631,2017-04-01,2017-04-30,BANCO DO BRASIL ON ,BBAS3<XBSP>,3,-2.724311519,-0.027243115
632,2017-04-01,2017-04-30,SABESP ON ,SBSP3<XBSP>,2,-6.763481271,-0.067634813
633,2017-04-01,2017-04-30,TAESA UNIT ,TAEE11<XBSP>,2,0.261437908,0.002614379
634,2017-04-01,2017-04-30,RAIA DROGASIL ON ,RADL3<XBSP>,2,14.9650588,0.149650588
635,2017-04-01,2017-04-30,B3 ON ,B3SA3<XBSP>,2,-1.45152929,-0.014515293
636,2017-04-01,2017-04-30,ECORODOVIAS ON ,ECOR3<XBSP>,2,4.424778761,0.044247788
637,2017-04-01,2017-04-30,GERDAU PN ,GGBR4<XBSP>,2,-10.00918274,-0.100091827
638,2017-04-01,2017-04-30,VALE PNA ,VALE5<XBSP>,1,-3.664539736,-0.036645397
639,2017-05-01,2017-05-31,ITAÚ UNIBANCO PN ,ITUB4<XBSP>,8,-9.415212129,-0.094152121
640,2017-05-01,2017-05-31,PETROBRAS PN ,PETR4<XBSP>,6,-7.229778096,-0.072297781
641,2017-05-01,2017-05-31,KLABIN UNIT ,KLBN11<XBSP>,4,6.118577528,0.061185775
642,2017-05-01,2017-05-31,RAIA DROGASIL ON ,RADL3<XBSP>,3,6.745737584,0.067457376
643,2017-05-01,2017-05-31,TAESA UNIT ,TAEE11<XBSP>,2,3.228330483,0.032283305
644,2017-05-01,2017-05-31,GERDAU PN ,GGBR4<XBSP>,2,-2.653061225,-0.026530612
645,2017-05-01,2017-05-31,IOCHPE-MAXION ON ,MYPK3<XBSP>,2,-11.72950329,-0.117295033
646,2017-05-01,2017-05-31,BANCO DO BRASIL ON ,BBAS3<XBSP>,2,-13.13344574,-0.131334457
647,2017-05-01,2017-05-31,LOJAS AMERICANAS PN ,LAME4<XBSP>,2,-13.30166271,-0.133016627
648,2017-05-01,2017-05-31,BRADESCO PN ,BBDC4<XBSP>,1,-9.337241714,-0.093372417
649,2017-06-01,2017-06-30,ITAÚ UNIBANCO PN ,ITUB4<XBSP>,7,3.419164204,0.034191642
650,2017-06-01,2017-06-30,KLABIN UNIT ,KLBN11<XBSP>,4,-2.814371258,-0.028143713
651,2017-06-01,2017-06-30,PETROBRAS PN ,PETR4<XBSP>,4,-4.552469136,-0.045524691
652,2017-06-01,2017-06-30,RAIA DROGASIL ON ,RADL3<XBSP>,3,-2.424985193,-0.024249852
653,2017-06-01,2017-06-30,VALE PNA ,VALE5<XBSP>,2,4.342768515,0.043427685
654,2017-06-01,2017-06-30,WEG ON ,WEGE3<XBSP>,2,-6.842105263,-0.068421053
655,2017-06-01,2017-06-30,TAESA UNIT ,TAEE11<XBSP>,2,-2.907488987,-0.02907489
656,2017-06-01,2017-06-30,LOCALIZA ON ,RENT3<XBSP>,2,3.840846366,0.038408464
657,2017-06-01,2017-06-30,GERDAU PN ,GGBR4<XBSP>,2,7.756813417,0.077568134
658,2017-06-01,2017-06-30,LOJAS AMERICANAS PN ,LAME4<XBSP>,2,-4.109589041,-0.04109589
659,2017-07-01,2017-07-31,ITAÚ UNIBANCO PN ,ITUB4<XBSP>,9,1.592486729,0.015924867
660,2017-07-01,2017-07-31,KLABIN UNIT ,KLBN11<XBSP>,3,-1.417128774,-0.014171288
661,2017-07-01,2017-07-31,TAESA UNIT ,TAEE11<XBSP>,2,5.353901996,0.05353902
662,2017-07-01,2017-07-31,AES TIETÊ UNIT ,AESB3<XBSP>,2,3.003663004,0.03003663
663,2017-07-01,2017-07-31,WEG ON ,WEGE3<XBSP>,2,7.669807714,0.076698077
664,2017-07-01,2017-07-31,SER EDUCACIONAL ON ,SEER3<XBSP>,2,4.448979592,0.044489796
665,2017-07-01,2017-07-31,PETROBRAS PN ,PETR4<XBSP>,2,7.437348424,0.074373484
666,2017-07-01,2017-07-31,GERDAU PN ,GGBR4<XBSP>,2,3.696498055,0.036964981
667,2017-07-01,2017-07-31,CVC BRASIL ON ,CVCB3<XBSP>,2,10.06483483,0.100648348
668,2017-07-01,2017-07-31,RAIA DROGASIL ON ,RADL3<XBSP>,2,-1.583226359,-0.015832264
669,2017-08-01,2017-08-31,ITAÚ UNIBANCO PN ,ITUB4<XBSP>,6,9.253337648,0.092533376
670,2017-08-01,2017-08-31,LOJAS AMERICANAS PN ,LAME4<XBSP>,4,13.40140396,0.13401404
671,2017-08-01,2017-08-31,PETROBRAS PN ,PETR4<XBSP>,4,2.708803612,0.027088036
672,2017-08-01,2017-08-31,USIMINAS PNA ,USIM5<XBSP>,2,33.2688588,0.332688588
673,2017-08-01,2017-08-31,VALE ON ,VALE3<XBSP>,2,12.07667732,0.120766773
674,2017-08-01,2017-08-31,KLABIN UNIT ,KLBN11<XBSP>,2,7.865629734,0.078656297
675,2017-08-01,2017-08-31,BRADESCO PN ,BBDC4<XBSP>,1,11.29798904,0.11297989
676,2017-08-01,2017-08-31,B3 ON ,B3SA3<XBSP>,1,8.152660406,0.081526604
677,2017-08-01,2017-08-31,BANCO DO BRASIL ON ,BBAS3<XBSP>,1,7.680464995,0.07680465
678,2017-08-01,2017-08-31,KROTON ON ,COGN3<XBSP>,1,20.01966574,0.200196657
679,2017-09-01,2017-09-30,PETROBRAS PN ,PETR4<XBSP>,5,12.08791209,0.120879121
680,2017-09-01,2017-09-30,ITAÚ UNIBANCO PN ,ITUB4<XBSP>,5,7.474897732,0.074748977
681,2017-09-01,2017-09-30,GERDAU PN ,GGBR4<XBSP>,4,-6.835443038,-0.06835443
682,2017-09-01,2017-09-30,RUMO ON ,RAIL3<XBSP>,2,17.03775411,0.170377541
683,2017-09-01,2017-09-30,MRV ON ,MRVE3<XBSP>,2,2.00148258,0.020014826
684,2017-09-01,2017-09-30,KLABIN UNIT ,KLBN11<XBSP>,2,7.184579439,0.071845794
685,2017-09-01,2017-09-30,CARREFOUR BR ON ,CRFB3<XBSP>,2,-1.835443038,-0.01835443
686,2017-09-01,2017-09-30,LOJAS AMERICANAS PN ,LAME4<XBSP>,2,8.328643782,0.083286438
687,2017-09-01,2017-09-30,VALE ON ,VALE3<XBSP>,1,-9.150513113,-0.091505131
688,2017-09-01,2017-09-30,BRADESCO PN ,BBDC4<XBSP>,1,4.435413244,0.044354132
689,2017-10-01,2017-10-31,PETROBRAS PN ,PETR4<XBSP>,5,9.607843137,0.096078431
690,2017-10-01,2017-10-31,ITAÚ UNIBANCO PN ,ITUB4<XBSP>,5,-2.965270567,-0.029652706
691,2017-10-01,2017-10-31,VIA VAREJO UNIT ,VVAR11<XBSP>,3,-2.3366508,-0.023366508
692,2017-10-01,2017-10-31,BANCO DO BRASIL ON ,BBAS3<XBSP>,3,-1.318051576,-0.013180516
693,2017-10-01,2017-10-31,USIMINAS PNA ,USIM5<XBSP>,2,13.23907455,0.132390746
694,2017-10-01,2017-10-31,TENDA ON ,TEND3<XBSP>,2,4.141291108,0.041412911
695,2017-10-01,2017-10-31,IOCHPE-MAXION ON ,MYPK3<XBSP>,2,4.187994416,0.041879944
696,2017-10-01,2017-10-31,RUMO ON ,RAIL3<XBSP>,2,5.045492142,0.050454921
697,2017-10-01,2017-10-31,LOJAS AMERICANAS PN ,LAME4<XBSP>,2,-8.675324675,-0.086753247
698,2017-10-01,2017-10-31,B3 ON ,B3SA3<XBSP>,1,-0.208768267,-0.002087683
699,2017-11-01,2017-11-30,PETROBRAS PN ,PETR4<XBSP>,5,-8.288610614,-0.082886106
700,2017-11-01,2017-11-30,ITAÚ UNIBANCO PN ,ITUB4<XBSP>,5,-1.819911978,-0.01819912
701,2017-11-01,2017-11-30,SER EDUCACIONAL ON ,SEER3<XBSP>,3,-4.408427877,-0.044084279
702,2017-11-01,2017-11-30,RUMO ON ,RAIL3<XBSP>,2,2.519685039,0.02519685
703,2017-11-01,2017-11-30,LOJAS AMERICANAS PN ,LAME4<XBSP>,2,-15.64277588,-0.156427759
704,2017-11-01,2017-11-30,KLABIN UNIT ,KLBN11<XBSP>,2,-4.734405137,-0.047344051
705,2017-11-01,2017-11-30,ECORODOVIAS ON ,ECOR3<XBSP>,2,0.536470264,0.005364703
706,2017-11-01,2017-11-30,AMBEV ON ,ABEV3<XBSP>,1,-1.626794258,-0.016267943
707,2017-11-01,2017-11-30,BANCO DO BRASIL ON ,BBAS3<XBSP>,1,-12.50604184,-0.125060418
708,2017-11-01,2017-11-30,B3 ON ,B3SA3<XBSP>,1,-2.430153169,-0.024301532
709,2017-12-01,2017-12-31,ITAÚ UNIBANCO PN ,ITUB4<XBSP>,5,3.575974508,0.035759745
710,2017-12-01,2017-12-31,RUMO ON ,RAIL3<XBSP>,3,-0.384024578,-0.003840246
711,2017-12-01,2017-12-31,BRASKEM PNA ,BRKM5<XBSP>,3,-2.874037243,-0.028740372
712,2017-12-01,2017-12-31,PETROBRAS PN ,PETR4<XBSP>,3,4.681404421,0.046814044
713,2017-12-01,2017-12-31,CVC BRASIL ON ,CVCB3<XBSP>,3,8.524565729,0.085245657
714,2017-12-01,2017-12-31,VALE ON ,VALE3<XBSP>,2,15.79413625,0.157941362
715,2017-12-01,2017-12-31,ULTRAPAR ON ,UGPA3<XBSP>,2,6.837606838,0.068376068
716,2017-12-01,2017-12-31,TAESA UNIT ,TAEE11<XBSP>,2,1.604836249,0.016048362
717,2017-12-01,2017-12-31,GERDAU PN ,GGBR4<XBSP>,2,11.73285199,0.11732852
718,2017-12-01,2017-12-31,BR MALLS PART. ON ,BRML3<XBSP>,2,5.2936311,0.052936311
719,2018-01-01,2018-01-31,ITAU UNIBANCO PN ,ITUB4<XBSP>,4,22.7769294,0.227769294
720,2018-01-01,2018-01-31,PETROBRAS PN ,PETR4<XBSP>,3,22.36024845,0.223602484
721,2018-01-01,2018-01-31,SMILES ON ,SMLS3<XBSP>,3,8.234519104,0.082345191
722,2018-01-01,2018-01-31,GERDAU PN ,GGBR4<XBSP>,3,16.31663974,0.163166397
723,2018-01-01,2018-01-31,BRASKEM PNA ,BRKM5<XBSP>,3,15.25542337,0.152554234
724,2018-01-01,2018-01-31,B3 ON ,B3SA3<XBSP>,3,14.48639157,0.144863916
725,2018-01-01,2018-01-31,BRF S.A. ON ,BRFS3<XBSP>,2,-3.415300547,-0.034153005
726,2018-01-01,2018-01-31,RUMO ON ,RAIL3<XBSP>,2,10.0231303,0.100231303
727,2018-01-01,2018-01-31,ITAUSA PN ,ITSA4<XBSP>,2,22.45841035,0.224584104
728,2018-01-01,2018-01-31,BRASIL ON ,BBAS3<XBSP>,2,24.70144563,0.247014456
729,2018-02-01,2018-02-28,PETROBRAS PN ,PETR4<XBSP>,5,8.934010152,0.089340102
730,2018-02-01,2018-02-28,B3 ON ,B3SA3<XBSP>,4,-1.763803681,-0.017638037
731,2018-02-01,2018-02-28,ITAU UNIBANCO PN ,ITUB4<XBSP>,3,0.719512745,0.007195127
732,2018-02-01,2018-02-28,BRASIL ON ,BBAS3<XBSP>,3,5.342741936,0.053427419
733,2018-02-01,2018-02-28,USIMINAS PNA ,USIM5<XBSP>,3,3.878583474,0.038785835
734,2018-02-01,2018-02-28,VIAVAREJO UNT ,VVAR11<XBSP>,3,0.995575221,0.009955752
735,2018-02-01,2018-02-28,SMILES ON ,SMLS3<XBSP>,2,2.592818016,0.02592818
736,2018-02-01,2018-02-28,GERDAU PN ,GGBR4<XBSP>,2,15.41666667,0.154166667
737,2018-02-01,2018-02-28,COPEL PNB ,CPLE6<XBSP>,2,3.427172583,0.034271726
738,2018-02-01,2018-02-28,CARREFOUR BR ON ,CRFB3<XBSP>,2,-7.763975155,-0.077639752
739,2018-03-01,2018-03-31,PETROBRAS PN ,PETR4<XBSP>,5,-0.232991612,-0.002329916
740,2018-03-01,2018-03-31,B3 ON ,B3SA3<XBSP>,4,4.176424668,0.041764247
741,2018-03-01,2018-03-31,ITAU UNIBANCO PN ,ITUB4<XBSP>,3,1.876302988,0.01876303
742,2018-03-01,2018-03-31,BRASIL ON ,BBAS3<XBSP>,3,-1.081092602,-0.010810926
743,2018-03-01,2018-03-31,VIAVAREJO UNT ,VVAR11<XBSP>,2,10.69733479,0.106973348
744,2018-03-01,2018-03-31,USIMINAS PNA ,USIM5<XBSP>,2,-11.36363636,-0.113636364
745,2018-03-01,2018-03-31,GERDAU PN ,GGBR4<XBSP>,2,-6.565090327,-0.065650903
746,2018-03-01,2018-03-31,SID NACIONAL ON ,CSNA3<XBSP>,2,-13.30049261,-0.133004926
747,2018-03-01,2018-03-31,FIBRIA ON ,FIBR3<XBSP>,2,5.448354143,0.054483541
748,2018-03-01,2018-03-31,MAGAZINE LUIZA ON ,MGLU3<XBSP>,2,7.841943356,0.078419434
749,2018-04-01,2018-04-30,PETROBRAS PN ,PETR4<XBSP>,5,7.286314806,0.072863148
750,2018-04-01,2018-04-30,ITAU UNIBANCO PN ,ITUB4<XBSP>,4,-0.555609709,-0.005556097
751,2018-04-01,2018-04-30,SUZANO PAPEL ON ,SUZB3<XBSP>,4,23.67588524,0.236758852
752,2018-04-01,2018-04-30,GERDAU PN ,GGBR4<XBSP>,3,7.419354839,0.074193548
753,2018-04-01,2018-04-30,B3 ON ,B3SA3<XBSP>,3,-4.845918256,-0.048459183
754,2018-04-01,2018-04-30,VIAVAREJO UNT ,VVAR11<XBSP>,3,-1.763705972,-0.01763706
755,2018-04-01,2018-04-30,SID NACIONAL ON ,CSNA3<XBSP>,2,-0.227272727,-0.002272727
756,2018-04-01,2018-04-30,BRASIL ON ,BBAS3<XBSP>,2,-10.55325372,-0.105532537
757,2018-04-01,2018-04-30,BRADESCO PN ,BBDC4<XBSP>,2,-3.677745279,-0.036777453
758,2018-04-01,2018-04-30,CCR SA ON ,CCRO3<XBSP>,2,-2.742696813,-0.027426968
759,2018-05-01,2018-05-31,PETROBRAS PN ,PETR4<XBSP>,6,-17.20522421,-0.172052242
760,2018-05-01,2018-05-31,ITAU UNIBANCO PN ,ITUB4<XBSP>,6,-15.71722718,-0.157172272
761,2018-05-01,2018-05-31,SUZANO PAPEL ON ,SUZB3<XBSP>,4,4.968339016,0.04968339
762,2018-05-01,2018-05-31,VIAVAREJO UNT ,VVAR11<XBSP>,3,-21.51260504,-0.21512605
763,2018-05-01,2018-05-31,GERDAU PN ,GGBR4<XBSP>,3,-10.69501333,-0.106950133
764,2018-05-01,2018-05-31,CCR SA ON ,CCRO3<XBSP>,3,-13.87959866,-0.138795987
765,2018-05-01,2018-05-31,B3 ON ,B3SA3<XBSP>,3,-13.95256917,-0.139525692
766,2018-05-01,2018-05-31,BRASIL ON ,BBAS3<XBSP>,2,-16.68936299,-0.16689363
767,2018-05-01,2018-05-31,QUALICORP ON ,QUAL3<XBSP>,2,-21.76591376,-0.217659138
768,2018-05-01,2018-05-31,SID NACIONAL ON ,CSNA3<XBSP>,2,-12.30068337,-0.123006834
769,2018-06-01,2018-06-30,SUZANO PAPEL ON ,SUZB3<XBSP>,5,4.3387471,0.043387471
770,2018-06-01,2018-06-30,VALE ON ,VALE3<XBSP>,4,-2.054118112,-0.020541181
771,2018-06-01,2018-06-30,PETROBRAS PN ,PETR4<XBSP>,3,-9.430979979,-0.0943098
772,2018-06-01,2018-06-30,MAGAZINE LUIZA ON ,MGLU3<XBSP>,3,18.05017524,0.180501752
773,2018-06-01,2018-06-30,KLABIN S/A UNT ,KLBN11<XBSP>,3,-6.622201048,-0.06622201
774,2018-06-01,2018-06-30,IRB BRASIL RESSEGUROS ON ,IRBR3<XBSP>,3,0.269597677,0.002695977
775,2018-06-01,2018-06-30,B3 ON ,B3SA3<XBSP>,3,-5.023598784,-0.050235988
776,2018-06-01,2018-06-30,ITAU UNIBANCO PN ,ITUB4<XBSP>,3,-6.109624113,-0.061096241
777,2018-06-01,2018-06-30,GERDAU PN ,GGBR4<XBSP>,3,-6.013513514,-0.060135135
778,2018-06-01,2018-06-30,RAIADROGASIL ON ,RADL3<XBSP>,2,6.873012354,0.068730124
779,2018-07-01,2018-07-31,SUZANO PAPEL ON ,SUZB3<XBSP>,6,-0.933955971,-0.00933956
780,2018-07-01,2018-07-31,ITAU UNIBANCO PN ,ITUB4<XBSP>,6,11.5933044,0.115933044
781,2018-07-01,2018-07-31,VALE ON ,VALE3<XBSP>,5,10.58681186,0.105868119
782,2018-07-01,2018-07-31,PETROBRAS PN ,PETR4<XBSP>,5,14.71785922,0.147178592
783,2018-07-01,2018-07-31,MAGAZINE LUIZA ON ,MGLU3<XBSP>,4,3.336198141,0.033361981
784,2018-07-01,2018-07-31,B3 ON ,B3SA3<XBSP>,4,16.33251834,0.163325183
785,2018-07-01,2018-07-31,ITAUSA PN ,ITSA4<XBSP>,3,13.50762527,0.135076253
786,2018-07-01,2018-07-31,CEMIG PN ,CMIG4<XBSP>,2,12.73972603,0.12739726
787,2018-07-01,2018-07-31,GERDAU PN ,GGBR4<XBSP>,2,19.91373113,0.199137311
788,2018-07-01,2018-07-31,P.ACUCAR - CBD PN ,PCAR4<XBSP>,2,6.753113365,0.067531134
789,2018-08-01,2018-08-31,PETROBRAS PN ,PETR4<XBSP>,7,-2.088366698,-0.020883667
790,2018-08-01,2018-08-31,ITAU UNIBANCO PN ,ITUB4<XBSP>,7,-4.368355159,-0.043683552
791,2018-08-01,2018-08-31,B3 ON ,B3SA3<XBSP>,6,-8.532997058,-0.085329971
792,2018-08-01,2018-08-31,VALE ON ,VALE3<XBSP>,5,0.593568459,0.005935685
793,2018-08-01,2018-08-31,GERDAU PN ,GGBR4<XBSP>,4,-2.985391573,-0.029853916
794,2018-08-01,2018-08-31,VIAVAREJO UNT ,VVAR11<XBSP>,3,-20.62000939,-0.206200094
795,2018-08-01,2018-08-31,IRB BRASIL RESSEGUROS ON ,IRBR3<XBSP>,3,11.31086142,0.113108614
796,2018-08-01,2018-08-31,LOJAS RENNER ON ,LREN3<XBSP>,2,-8.419689119,-0.084196891
797,2018-08-01,2018-08-31,MAGAZINE LUIZA ON ,MGLU3<XBSP>,2,-1.519733858,-0.015197339
798,2018-08-01,2018-08-31,BRASIL ON ,BBAS3<XBSP>,2,-6.52364924,-0.065236492
799,2018-09-01,2018-09-30,PETROBRAS PN ,PETR4<XBSP>,7,9.501557632,0.095015576
800,2018-09-01,2018-09-30,B3 ON ,B3SA3<XBSP>,5,8.362983811,0.083629838
801,2018-09-01,2018-09-30,ITAU UNIBANCO PN ,ITUB4<XBSP>,4,4.437344693,0.044373447
802,2018-09-01,2018-09-30,VALE ON ,VALE3<XBSP>,4,11.56284968,0.115628497
803,2018-09-01,2018-09-30,LOCALIZA ON ,RENT3<XBSP>,3,5.976158831,0.059761588
804,2018-09-01,2018-09-30,VIAVAREJO UNT ,VVAR11<XBSP>,3,-11.71597633,-0.117159763
805,2018-09-01,2018-09-30,MRV ON ,MRVE3<XBSP>,3,-5.461538462,-0.054615385
806,2018-09-01,2018-09-30,FIBRIA ON ,FIBR3<XBSP>,3,-4.622379389,-0.046223794
807,2018-09-01,2018-09-30,IRB BRASIL RESSEGUROS ON ,IRBR3<XBSP>,3,11.79340511,0.117934051
808,2018-09-01,2018-09-30,P.ACUCAR - CBD PN ,PCAR4<XBSP>,3,7.150728542,0.071507285
809,2018-10-01,2018-10-31,ITAU UNIBANCO PN ,ITUB4<XBSP>,8,11.64003174,0.116400317
810,2018-10-01,2018-10-31,GERDAU PN ,GGBR4<XBSP>,6,-5.410122164,-0.054101222
811,2018-10-01,2018-10-31,PETROBRAS PN ,PETR4<XBSP>,5,30.96254149,0.309625415
812,2018-10-01,2018-10-31,B3 ON ,B3SA3<XBSP>,4,13.41880342,0.134188034
813,2018-10-01,2018-10-31,IRB BRASIL RESSEGUROS ON ,IRBR3<XBSP>,4,9.044394281,0.090443943
814,2018-10-01,2018-10-31,VALE ON ,VALE3<XBSP>,3,-5.198930124,-0.051989301
815,2018-10-01,2018-10-31,KLABIN S/A UNT ,KLBN11<XBSP>,3,-6.133735546,-0.061337355
816,2018-10-01,2018-10-31,P.ACUCAR - CBD PN ,PCAR4<XBSP>,3,-10.15253539,-0.101525354
817,2018-10-01,2018-10-31,MAGAZINE LUIZA ON ,MGLU3<XBSP>,3,37.80716793,0.378071679
818,2018-10-01,2018-10-31,SUZANO PAPEL ON ,SUZB3<XBSP>,2,-21.27703827,-0.212770383
819,2018-11-01,2018-11-30,PETROBRAS PN ,PETR4<XBSP>,9,-7.452731194,-0.074527312
820,2018-11-01,2018-11-30,B3 ON ,B3SA3<XBSP>,5,6.254709872,0.062547099
821,2018-11-01,2018-11-30,VALE ON ,VALE3<XBSP>,4,-6.894727561,-0.068947276
822,2018-11-01,2018-11-30,ULTRAPAR ON ,UGPA3<XBSP>,4,6.779661017,0.06779661
823,2018-11-01,2018-11-30,ITAU UNIBANCO PN ,ITUB4<XBSP>,4,9.739006804,0.097390068
824,2018-11-01,2018-11-30,ITAUSA PN ,ITSA4<XBSP>,4,9.786476868,0.097864769
825,2018-11-01,2018-11-30,GERDAU PN ,GGBR4<XBSP>,3,-3.983882152,-0.039838822
826,2018-11-01,2018-11-30,MAGAZINE LUIZA ON ,MGLU3<XBSP>,3,-2.470379147,-0.024703791
827,2018-11-01,2018-11-30,BRADESCO PN ,BBDC4<XBSP>,2,12.18698718,0.121869872
828,2018-11-01,2018-11-30,LOCALIZA ON ,RENT3<XBSP>,2,-6.4,-0.064
829,2018-12-01,2018-12-31,PETROBRAS PN ,PETR4<XBSP>,9,-7.92836273,-0.079283627
830,2018-12-01,2018-12-31,ITAUSA PN ,ITSA4<XBSP>,4,-1.880983253,-0.018809833
831,2018-12-01,2018-12-31,VALE ON ,VALE3<XBSP>,4,-3.409090909,-0.034090909
832,2018-12-01,2018-12-31,B3 ON ,B3SA3<XBSP>,4,-4.187641892,-0.041876419
833,2018-12-01,2018-12-31,ITAU UNIBANCO PN ,ITUB4<XBSP>,4,-1.372341344,-0.013723413
834,2018-12-01,2018-12-31,ULTRAPAR ON ,UGPA3<XBSP>,3,12.59259259,0.125925926
835,2018-12-01,2018-12-31,BRF S.A. ON ,BRFS3<XBSP>,3,-1.082543979,-0.01082544
836,2018-12-01,2018-12-31,BRASIL ON ,BBAS3<XBSP>,3,4.473001331,0.044730013
837,2018-12-01,2018-12-31,BRADESCO PN ,BBDC4<XBSP>,2,2.529841772,0.025298418
838,2018-12-01,2018-12-31,AMBEV ON ,ABEV3<XBSP>,2,-7.232280139,-0.072322801
839,2019-01-01,2019-01-31,PETROBRAS PN ,PETR4<XBSP>,12,12.78659612,0.127865961
840,2019-01-01,2019-01-31,ITAU UNIBANCO PN ,ITUB4<XBSP>,5,9.28561364,0.092856136
841,2019-01-01,2019-01-31,LOJAS RENNER ON ,LREN3<XBSP>,4,7.311320755,0.073113208
842,2019-01-01,2019-01-31,BRADESCO PN ,BBDC4<XBSP>,3,17.1572385,0.171572385
843,2019-01-01,2019-01-31,BRASIL ON ,BBAS3<XBSP>,3,11.55087116,0.115508712
844,2019-01-01,2019-01-31,VALE ON ,VALE3<XBSP>,3,-10.78431373,-0.107843137
845,2019-01-01,2019-01-31,USIMINAS PNA ,USIM5<XBSP>,3,7.237422593,0.072374226
846,2019-01-01,2019-01-31,MAGAZINE LUIZA ON ,MGLU3<XBSP>,2,-0.779762961,-0.00779763
847,2019-01-01,2019-01-31,AMBEV ON ,ABEV3<XBSP>,2,13.84915475,0.138491547
848,2019-01-01,2019-01-31,B3 ON ,B3SA3<XBSP>,2,17.38157404,0.17381574
849,2019-02-01,2019-02-28,PETROBRAS PN ,PETR4<XBSP>,12,5.785770133,0.057857701
850,2019-02-01,2019-02-28,BRASIL ON ,BBAS3<XBSP>,5,-1.334047211,-0.013340472
851,2019-02-01,2019-02-28,BRASKEM PNA ,BRKM5<XBSP>,4,4.094910065,0.040949101
852,2019-02-01,2019-02-28,BRADESCO PN ,BBDC4<XBSP>,3,-4.356218327,-0.043562183
853,2019-02-01,2019-02-28,NATURA ON ,NTCO3<XBSP>,3,2.276967,0.02276967
854,2019-02-01,2019-02-28,ITAU UNIBANCO PN ,ITUB4<XBSP>,3,-4.593594275,-0.045935943
855,2019-02-01,2019-02-28,VALE ON ,VALE3<XBSP>,2,3.516483516,0.035164835
856,2019-02-01,2019-02-28,LOCALIZA ON ,RENT3<XBSP>,2,3.753753754,0.037537538
857,2019-02-01,2019-02-28,GERDAU PN ,GGBR4<XBSP>,2,-3.258785942,-0.032587859
858,2019-02-01,2019-02-28,AMBEV ON ,ABEV3<XBSP>,2,-1.599086237,-0.015990862
859,2019-03-01,2019-03-31,PETROBRAS PN ,PETR4<XBSP>,13,3.6954915,0.036954915
860,2019-03-01,2019-03-31,SUZANO PAPEL ON ,SUZB3<XBSP>,5,-2.328997063,-0.023289971
861,2019-03-01,2019-03-31,BRASIL ON ,BBAS3<XBSP>,5,-3.435189072,-0.034351891
862,2019-03-01,2019-03-31,BRASKEM PNA ,BRKM5<XBSP>,4,-6.43382353,-0.064338235
863,2019-03-01,2019-03-31,NATURA ON ,NTCO3<XBSP>,3,-6.180239769,-0.061802398
864,2019-03-01,2019-03-31,IRB BRASIL RESSEGUROS ON ,IRBR3<XBSP>,3,5.231753257,0.052317533
865,2019-03-01,2019-03-31,ITAU UNIBANCO PN ,ITUB4<XBSP>,3,-2.229163709,-0.022291637
866,2019-03-01,2019-03-31,VALE ON ,VALE3<XBSP>,2,8.131634819,0.081316348
867,2019-03-01,2019-03-31,LOCALIZA ON ,RENT3<XBSP>,2,-4.028931232,-0.040289312
868,2019-03-01,2019-03-31,RUMO ON ,RAIL3<XBSP>,2,-1.593011305,-0.015930113
869,2019-04-01,2019-04-30,PETROBRAS PN ,PETR4<XBSP>,15,-3.318074477,-0.033180745
870,2019-04-01,2019-04-30,BRASIL ON ,BBAS3<XBSP>,7,1.97044335,0.019704433
871,2019-04-01,2019-04-30,VALE ON ,VALE3<XBSP>,4,-1.629687807,-0.016296878
872,2019-04-01,2019-04-30,SUZANO PAPEL ON ,SUZB3<XBSP>,3,-11.54396053,-0.115439605
873,2019-04-01,2019-04-30,P.ACUCAR - CBD PN ,PCAR4<XBSP>,3,5.510605729,0.055106057
874,2019-04-01,2019-04-30,IRB BRASIL RESSEGUROS ON ,IRBR3<XBSP>,3,2.904109589,0.029041096
875,2019-04-01,2019-04-30,BRADESCO PN ,BBDC4<XBSP>,3,-0.515900624,-0.005159006
876,2019-04-01,2019-04-30,BRF S.A. ON ,BRFS3<XBSP>,3,37.08609272,0.370860927
877,2019-04-01,2019-04-30,BRASKEM PNA ,BRKM5<XBSP>,3,-6.129666012,-0.06129666
878,2019-04-01,2019-04-30,USIMINAS PNA ,USIM5<XBSP>,2,-13.37397757,-0.133739776
879,2019-05-01,2019-05-31,PETROBRAS PN ,PETR4<XBSP>,9,-5.397207761,-0.053972078
880,2019-05-01,2019-05-31,P.ACUCAR - CBD PN ,PCAR4<XBSP>,5,-9.626943005,-0.09626943
881,2019-05-01,2019-05-31,VALE ON ,VALE3<XBSP>,4,-2.195608782,-0.021956088
882,2019-05-01,2019-05-31,SABESP ON ,SBSP3<XBSP>,3,-5.936170213,-0.059361702
883,2019-05-01,2019-05-31,IRB BRASIL RESSEGUROS ON ,IRBR3<XBSP>,3,8.498402556,0.084984026
884,2019-05-01,2019-05-31,GERDAU PN ,GGBR4<XBSP>,3,-1.476861198,-0.014768612
885,2019-05-01,2019-05-31,BRASIL ON ,BBAS3<XBSP>,3,5.254889796,0.052548898
886,2019-05-01,2019-05-31,BRADESCO PN ,BBDC4<XBSP>,3,4.046462974,0.04046463
887,2019-05-01,2019-05-31,BBSEGURIDADE ON ,BBSE3<XBSP>,3,5.59094126,0.055909413
888,2019-05-01,2019-05-31,AMBEV ON ,ABEV3<XBSP>,3,-4.981050352,-0.049810504
889,2019-06-01,2019-06-30,PETROBRAS PN ,PETR4<XBSP>,7,7.279843445,0.072798434
890,2019-06-01,2019-06-30,BRADESCO PN ,BBDC4<XBSP>,5,2.05250615,0.020525062
891,2019-06-01,2019-06-30,BRASIL ON ,BBAS3<XBSP>,5,4.368337879,0.043683379
892,2019-06-01,2019-06-30,LOJAS RENNER ON ,LREN3<XBSP>,3,7.2646352,0.072646352
893,2019-06-01,2019-06-30,VALE ON ,VALE3<XBSP>,3,5.755102041,0.05755102
894,2019-06-01,2019-06-30,KROTON ON ,COGN3<XBSP>,3,6.092843327,0.060928433
895,2019-06-01,2019-06-30,IRB BRASIL RESSEGUROS ON ,IRBR3<XBSP>,3,-3.317628583,-0.033176286
896,2019-06-01,2019-06-30,BRASKEM PNA ,BRKM5<XBSP>,3,-18.11594203,-0.18115942
897,2019-06-01,2019-06-30,GERDAU PN ,GGBR4<XBSP>,3,9.589041096,0.095890411
898,2019-06-01,2019-06-30,ITAU UNIBANCO PN ,ITUB4<XBSP>,3,3.644419037,0.03644419
899,2019-07-01,2019-07-31,PETROBRAS PN ,PETR4<XBSP>,10,-4.852243707,-0.048522437
900,2019-07-01,2019-07-31,VALE ON ,VALE3<XBSP>,5,-3.87881127,-0.038788113
901,2019-07-01,2019-07-31,BRADESCO PN ,BBDC4<XBSP>,5,-8.076664814,-0.080766648
902,2019-07-01,2019-07-31,BRASIL ON ,BBAS3<XBSP>,5,-8.750463478,-0.087504635
903,2019-07-01,2019-07-31,P.ACUCAR - CBD PN ,PCAR4<XBSP>,4,-1.193493874,-0.011934939
904,2019-07-01,2019-07-31,ITAU UNIBANCO PN ,ITUB4<XBSP>,4,-3.931576769,-0.039315768
905,2019-07-01,2019-07-31,GERDAU PN ,GGBR4<XBSP>,3,-9.539473684,-0.095394737
906,2019-07-01,2019-07-31,RUMO ON ,RAIL3<XBSP>,2,5.740472745,0.057404727
907,2019-07-01,2019-07-31,B3 ON ,B3SA3<XBSP>,2,12.92005092,0.129200509
908,2019-07-01,2019-07-31,LOJAS RENNER ON ,LREN3<XBSP>,2,0.636132316,0.006361323
909,2019-08-01,2019-08-31,PETROBRAS PN ,PETR4<XBSP>,8,-1.455548592,-0.014555486
910,2019-08-01,2019-08-31,VALE ON ,VALE3<XBSP>,8,-8.512346918,-0.085123469
911,2019-08-01,2019-08-31,P.ACUCAR - CBD PN ,PCAR4<XBSP>,4,-6.402993052,-0.064029931
912,2019-08-01,2019-08-31,LOCALIZA ON ,RENT3<XBSP>,4,6.909090909,0.069090909
913,2019-08-01,2019-08-31,IRB BRASIL RESSEGUROS ON ,IRBR3<XBSP>,4,14.21052632,0.142105263
914,2019-08-01,2019-08-31,BRASIL ON ,BBAS3<XBSP>,3,-5.162263336,-0.051622633
915,2019-08-01,2019-08-31,BRADESCO PN ,BBDC4<XBSP>,3,-4.439734975,-0.04439735
916,2019-08-01,2019-08-31,CYRELA REALT ON ,CYRE3<XBSP>,3,3.237704918,0.032377049
917,2019-08-01,2019-08-31,ITAU UNIBANCO PN ,ITUB4<XBSP>,3,-0.242440137,-0.002424401
918,2019-08-01,2019-08-31,B3 ON ,B3SA3<XBSP>,2,6.186300071,0.061863001
919,2019-09-01,2019-09-30,PETROBRAS PN ,PETR4<XBSP>,11,8.039215686,0.080392157
920,2019-09-01,2019-09-30,VALE ON ,VALE3<XBSP>,8,4.783849023,0.04783849
921,2019-09-01,2019-09-30,BRADESCO PN ,BBDC4<XBSP>,5,3.003789229,0.030037892
922,2019-09-01,2019-09-30,JBS ON ,JBSS3<XBSP>,4,10.62753036,0.106275304
923,2019-09-01,2019-09-30,IRB BRASIL RESSEGUROS ON ,IRBR3<XBSP>,4,4.129032258,0.041290323
924,2019-09-01,2019-09-30,LOCALIZA ON ,RENT3<XBSP>,3,-3.138221919,-0.031382219
925,2019-09-01,2019-09-30,CPFL ENERGIA ON ,CPFE3<XBSP>,3,1.512345679,0.015123457
926,2019-09-01,2019-09-30,B3 ON ,B3SA3<XBSP>,3,-1.908338332,-0.019083383
927,2019-09-01,2019-09-30,BRASIL ON ,BBAS3<XBSP>,2,-1.142091284,-0.011420913
928,2019-09-01,2019-09-30,ITAU UNIBANCO PN ,ITUB4<XBSP>,2,3.257184967,0.03257185
929,2019-10-01,2019-10-31,PETROBRAS PN ,PETR4<XBSP>,9,10.30852995,0.103085299
930,2019-10-01,2019-10-31,VALE ON ,VALE3<XBSP>,6,-1.151832461,-0.011518325
931,2019-10-01,2019-10-31,BRADESCO PN ,BBDC4<XBSP>,6,6.932138664,0.069321387
932,2019-10-01,2019-10-31,B3 ON ,B3SA3<XBSP>,4,10.88700435,0.108870044
933,2019-10-01,2019-10-31,ITAU UNIBANCO PN ,ITUB4<XBSP>,4,3.469941454,0.034699415
934,2019-10-01,2019-10-31,CPFL ENERGIA ON ,CPFE3<XBSP>,3,0.395256917,0.003952569
935,2019-10-01,2019-10-31,RUMO ON ,RAIL3<XBSP>,3,-6.93877551,-0.069387755
936,2019-10-01,2019-10-31,IRB BRASIL RESSEGUROS ON ,IRBR3<XBSP>,3,0.34519384,0.003451938
937,2019-10-01,2019-10-31,P.ACUCAR - CBD PN ,PCAR4<XBSP>,3,3.997493734,0.039974937
938,2019-10-01,2019-10-31,MAGAZINE LUIZA ON ,MGLU3<XBSP>,3,20.74981645,0.207498165
939,2019-11-01,2019-11-30,PETROBRAS PN ,PETR4<XBSP>,10,-3.446109665,-0.034461097
940,2019-11-01,2019-11-30,BRADESCO PN ,BBDC4<XBSP>,5,-5.06633933,-0.050663393
941,2019-11-01,2019-11-30,VALE ON ,VALE3<XBSP>,5,5.889830509,0.058898305
942,2019-11-01,2019-11-30,JBS ON ,JBSS3<XBSP>,4,0.671615412,0.006716154
943,2019-11-01,2019-11-30,B3 ON ,B3SA3<XBSP>,4,-1.364200083,-0.013642001
944,2019-11-01,2019-11-30,P.ACUCAR - CBD PN ,PCAR4<XBSP>,4,-3.410049404,-0.034100494
945,2019-11-01,2019-11-30,CPFL ENERGIA ON ,CPFE3<XBSP>,3,-4.330708662,-0.043307087
946,2019-11-01,2019-11-30,BRASIL ON ,BBAS3<XBSP>,3,0.081583436,0.000815834
947,2019-11-01,2019-11-30,VIA VAREJO ON ,VIIA3<XBSP>,2,18.73315364,0.187331536
948,2019-11-01,2019-11-30,BR MALLS PART ON ,BRML3<XBSP>,2,1.433224756,0.014332248
949,2019-12-01,2019-12-31,P.ACUCAR - CBD PN ,PCAR4<XBSP>,5,9.343812375,0.093438124
950,2019-12-01,2019-12-31,PETROBRAS PN ,PETR4<XBSP>,5,4.959621775,0.049596218
951,2019-12-01,2019-12-31,VIA VAREJO ON ,VIIA3<XBSP>,4,26.7877412,0.267877412
952,2019-12-01,2019-12-31,B3 ON ,B3SA3<XBSP>,4,-9.953897737,-0.099538977
953,2019-12-01,2019-12-31,JBS ON ,JBSS3<XBSP>,4,-9.41011236,-0.094101124
954,2019-12-01,2019-12-31,CVC BRASIL ON ,CVCB3<XBSP>,4,10.17618829,0.101761883
955,2019-12-01,2019-12-31,BRASIL ON ,BBAS3<XBSP>,3,10.88724365,0.108872437
956,2019-12-01,2019-12-31,CPFL ENERGIA ON ,CPFE3<XBSP>,3,12.53561254,0.125356125
957,2019-12-01,2019-12-31,LOJAS RENNER ON ,LREN3<XBSP>,3,8.624534255,0.086245343
958,2019-12-01,2019-12-31,VALE ON ,VALE3<XBSP>,2,9.468507707,0.094685077
959,2020-01-01,2020-01-31,PETROBRAS PN ,PETR4<XBSP>,8,-5.732273028,-0.05732273
960,2020-01-01,2020-01-31,P.ACUCAR - CBD PN ,PCAR4<XBSP>,5,-2.932116372,-0.029321164
961,2020-01-01,2020-01-31,VALE ON ,VALE3<XBSP>,4,-5.684803002,-0.05684803
962,2020-01-01,2020-01-31,MAGAZINE LUIZA ON ,MGLU3<XBSP>,4,17.06896855,0.170689685
963,2020-01-01,2020-01-31,CVC BRASIL ON ,CVCB3<XBSP>,3,-16.66666667,-0.166666667
964,2020-01-01,2020-01-31,B3 ON ,B3SA3<XBSP>,3,13.10264621,0.131026462
965,2020-01-01,2020-01-31,BRASIL ON ,BBAS3<XBSP>,3,-8.102991291,-0.081029913
966,2020-01-01,2020-01-31,VIA VAREJO ON ,VIIA3<XBSP>,2,25.33572068,0.253357207
967,2020-01-01,2020-01-31,ITAU UNIBANCO PN ,ITUB4<XBSP>,2,-11.50060671,-0.115006067
968,2020-01-01,2020-01-31,BRADESCO PN ,BBDC4<XBSP>,2,-9.02226664,-0.090222666
969,2020-02-01,2020-02-29,MAGAZINE LUIZA ON ,MGLU3<XBSP>,7,-9.462365591,-0.094623656
970,2020-02-01,2020-02-29,VIA VAREJO ON ,VIIA3<XBSP>,4,-1.357142857,-0.013571429
971,2020-02-01,2020-02-29,PETROBRAS PN ,PETR4<XBSP>,3,-10.9314587,-0.109314587
972,2020-02-01,2020-02-29,VALE ON ,VALE3<XBSP>,3,-11.85597772,-0.118559777
973,2020-02-01,2020-02-29,LOJAS RENNER ON ,LREN3<XBSP>,3,-7.223672759,-0.072236728
974,2020-02-01,2020-02-29,LOJAS AMERICANAS PN ,LAME4<XBSP>,3,-3.448275862,-0.034482759
975,2020-02-01,2020-02-29,BRASIL ON ,BBAS3<XBSP>,2,-2.593494068,-0.025934941
976,2020-02-01,2020-02-29,COGNA ON ,COGN3<XBSP>,2,-13.16695353,-0.131669535
977,2020-02-01,2020-02-29,HAPVIDA ON ,HAPV3<XBSP>,2,-8.107208257,-0.081072083
978,2020-02-01,2020-02-29,B3 ON ,B3SA3<XBSP>,2,-0.414937759,-0.004149378
979,2020-03-01,2020-03-31,ITAU UNIBANCO PN ,ITUB4<XBSP>,5,-27.8099109,-0.278099109
980,2020-03-01,2020-03-31,BRASIL ON ,BBAS3<XBSP>,4,-40.18242205,-0.401824221
981,2020-03-01,2020-03-31,VIA VAREJO ON ,VIIA3<XBSP>,4,-61.76683563,-0.617668356
982,2020-03-01,2020-03-31,HAPVIDA ON ,HAPV3<XBSP>,4,-23.1884058,-0.231884058
983,2020-03-01,2020-03-31,YDUQS PART ON ,YDUQ3<XBSP>,4,-57.27500482,-0.572750048
984,2020-03-01,2020-03-31,VALE ON ,VALE3<XBSP>,3,-2.459941323,-0.024599413
985,2020-03-01,2020-03-31,MAGAZINE LUIZA ON ,MGLU3<XBSP>,3,-22.8226445,-0.228226445
986,2020-03-01,2020-03-31,BRADESCO PN ,BBDC4<XBSP>,3,-31.92680776,-0.319268078
987,2020-03-01,2020-03-31,B3 ON ,B3SA3<XBSP>,3,-23.97377584,-0.239737758
988,2020-03-01,2020-03-31,PETROBRAS PN ,PETR4<XBSP>,3,-44.79084452,-0.447908445
989,2020-04-01,2020-04-30,VALE ON ,VALE3<XBSP>,6,3.794539565,0.037945396
990,2020-04-01,2020-04-30,MAGAZINE LUIZA ON ,MGLU3<XBSP>,6,27.46858169,0.274685817
991,2020-04-01,2020-04-30,BRADESCO PN ,BBDC4<XBSP>,6,1.517310292,0.015173103
992,2020-04-01,2020-04-30,WEG ON ,WEGE3<XBSP>,5,18.97527554,0.189752755
993,2020-04-01,2020-04-30,PETROBRAS PN ,PETR4<XBSP>,4,29.02072909,0.290207291
994,2020-04-01,2020-04-30,JBS ON ,JBSS3<XBSP>,4,19.91762707,0.199176271
995,2020-04-01,2020-04-30,ENGIE BRASIL ON ,EGIE3<XBSP>,4,0.513874615,0.005138746
996,2020-04-01,2020-04-30,BRASIL ON ,BBAS3<XBSP>,3,2.187163858,0.021871639
997,2020-04-01,2020-04-30,RUMO ON ,RAIL3<XBSP>,3,0.712468194,0.007124682
998,2020-04-01,2020-04-30,B3 ON ,B3SA3<XBSP>,3,7.019498607,0.070194986
999,2020-05-01,2020-05-31,VALE ON ,VALE3<XBSP>,8,18.14534106,0.181453411
1000,2020-05-01,2020-05-31,JBS ON ,JBSS3<XBSP>,6,-7.843959732,-0.078439597
1001,2020-05-01,2020-05-31,MAGAZINE LUIZA ON ,MGLU3<XBSP>,6,29.47686117,0.294768612
1002,2020-05-01,2020-05-31,BRADESCO PN ,BBDC4<XBSP>,5,-0.941675341,-0.009416753
1003,2020-05-01,2020-05-31,B3 ON ,B3SA3<XBSP>,5,18.55804269,0.185580427
1004,2020-05-01,2020-05-31,BRASIL ON ,BBAS3<XBSP>,4,8.210526316,0.082105263
1005,2020-05-01,2020-05-31,VIA VAREJO ON ,VIIA3<XBSP>,4,35.07625272,0.350762527
1006,2020-05-01,2020-05-31,WEG ON ,WEGE3<XBSP>,3,4.732098147,0.047320981
1007,2020-05-01,2020-05-31,PETROBRAS PN ,PETR4<XBSP>,3,12.68698061,0.126869806
1008,2020-05-01,2020-05-31,P.ACUCAR - CBD ON ,PCAR3<XBSP>,3,-4.049448291,-0.040494483
1009,2020-06-01,2020-06-30,VALE ON ,VALE3<XBSP>,9,5.509433962,0.05509434
1010,2020-06-01,2020-06-30,MAGAZINE LUIZA ON ,MGLU3<XBSP>,7,11.34421134,0.113442113
1011,2020-06-01,2020-06-30,B3 ON ,B3SA3<XBSP>,5,20.94401756,0.209440176
1012,2020-06-01,2020-06-30,BRADESCO PN ,BBDC4<XBSP>,5,9.339611235,0.093396112
1013,2020-06-01,2020-06-30,VIA VAREJO ON ,VIIA3<XBSP>,4,23.46774194,0.234677419
1014,2020-06-01,2020-06-30,PETROBRAS PN ,PETR4<XBSP>,4,5.948869223,0.059488692
1015,2020-06-01,2020-06-30,JBS ON ,JBSS3<XBSP>,4,-3.732362312,-0.037323623
1016,2020-06-01,2020-06-30,BRASIL ON ,BBAS3<XBSP>,4,4.247730221,0.042477302
1017,2020-06-01,2020-06-30,WEG ON ,WEGE3<XBSP>,3,21.08231265,0.210823127
1018,2020-06-01,2020-06-30,BRF S.A. ON ,BRFS3<XBSP>,3,-8.084738435,-0.080847384
1019,2020-07-01,2020-07-31,B3 ON ,B3SA3<XBSP>,7,15.46469351,0.154646935
1020,2020-07-01,2020-07-31,VIA VAREJO ON ,VIIA3<XBSP>,7,27.49836708,0.274983671
1021,2020-07-01,2020-07-31,PETROBRAS PN ,PETR4<XBSP>,6,3.018283788,0.030182838
1022,2020-07-01,2020-07-31,BRASIL ON ,BBAS3<XBSP>,5,4.447900466,0.044479005
1023,2020-07-01,2020-07-31,VALE ON ,VALE3<XBSP>,5,8.565808298,0.085658083
1024,2020-07-01,2020-07-31,GERDAU PN ,GGBR4<XBSP>,4,8.994378514,0.089943785
1025,2020-07-01,2020-07-31,RUMO ON ,RAIL3<XBSP>,3,-1.20053357,-0.012005336
1026,2020-07-01,2020-07-31,LOCAWEB ON ,LWSA3<XBSP>,3,10.87962963,0.108796296
1027,2020-07-01,2020-07-31,BRADESCO PN ,BBDC4<XBSP>,3,8.503095093,0.085030951
1028,2020-07-01,2020-07-31,MAGAZINE LUIZA ON ,MGLU3<XBSP>,3,12.77229917,0.127722992
1029,2020-08-01,2020-08-31,VIA VAREJO ON ,VIIA3<XBSP>,8,5.020491803,0.050204918
1030,2020-08-01,2020-08-31,B3 ON ,B3SA3<XBSP>,6,-7.313997478,-0.073139975
1031,2020-08-01,2020-08-31,BRASIL ON ,BBAS3<XBSP>,5,-1.447532077,-0.014475321
1032,2020-08-01,2020-08-31,VALE ON ,VALE3<XBSP>,5,-1.696590348,-0.016965903
1033,2020-08-01,2020-08-31,BRADESCO PN ,BBDC4<XBSP>,4,-7.496693045,-0.07496693
1034,2020-08-01,2020-08-31,PETROBRAS PN ,PETR4<XBSP>,4,-1.396396396,-0.013963964
1035,2020-08-01,2020-08-31,LOCAWEB ON ,LWSA3<XBSP>,3,28.26722338,0.282672234
1036,2020-08-01,2020-08-31,MAGAZINE LUIZA ON ,MGLU3<XBSP>,3,15.49993805,0.15499938
1037,2020-08-01,2020-08-31,ITAU UNIBANCO PN ,ITUB4<XBSP>,2,-12.17964494,-0.121796449
1038,2020-08-01,2020-08-31,LOCALIZA ON ,RENT3<XBSP>,2,-5.282796544,-0.052827965
1039,2020-09-01,2020-09-30,VIA VAREJO ON ,VIIA3<XBSP>,9,-15.36585366,-0.153658537
1040,2020-09-01,2020-09-30,VALE ON ,VALE3<XBSP>,5,3.185232038,0.03185232
1041,2020-09-01,2020-09-30,BRADESCO PN ,BBDC4<XBSP>,4,-6.32873118,-0.063287312
1042,2020-09-01,2020-09-30,TOTVS ON ,TOTS3<XBSP>,3,-6.098406098,-0.060984061
1043,2020-09-01,2020-09-30,PETROBRAS PN ,PETR4<XBSP>,3,-10.41571494,-0.104157149
1044,2020-09-01,2020-09-30,B3 ON ,B3SA3<XBSP>,3,-5.164464538,-0.051644645
1045,2020-09-01,2020-09-30,BRASIL ON ,BBAS3<XBSP>,3,-8.98768931,-0.089876893
1046,2020-09-01,2020-09-30,MAGAZINE LUIZA ON ,MGLU3<XBSP>,3,-4.312379318,-0.043123793
1047,2020-09-01,2020-09-30,JBS ON ,JBSS3<XBSP>,2,-7.887700535,-0.078877005
1048,2020-09-01,2020-09-30,ITAU UNIBANCO PN ,ITUB4<XBSP>,2,-4.397705545,-0.043977055
1049,2020-10-01,2020-10-31,B3 ON ,B3SA3<XBSP>,5,-7.198691147,-0.071986911
1050,2020-10-01,2020-10-31,VIA VAREJO ON ,VIIA3<XBSP>,5,-1.095100865,-0.010951009
1051,2020-10-01,2020-10-31,GERDAU PN ,GGBR4<XBSP>,5,4.855769231,0.048557692
1052,2020-10-01,2020-10-31,WEG ON ,WEGE3<XBSP>,4,15.41856925,0.154185693
1053,2020-10-01,2020-10-31,VALE ON ,VALE3<XBSP>,4,2.436136018,0.02436136
1054,2020-10-01,2020-10-31,MAGAZINE LUIZA ON ,MGLU3<XBSP>,4,10.44843049,0.104484305
1055,2020-10-01,2020-10-31,GRUPO NATURA ON ,NTCO3<XBSP>,4,-9.837668688,-0.098376687
1056,2020-10-01,2020-10-31,BRADESCO PN ,BBDC4<XBSP>,3,3.965152708,0.039651527
1057,2020-10-01,2020-10-31,JBS ON ,JBSS3<XBSP>,3,-5.902273827,-0.059022738
1058,2020-10-01,2020-10-31,PETROBRAS PN ,PETR4<XBSP>,3,-3.416624171,-0.034166242
1059,2020-11-01,2020-11-30,VIA VAREJO ON ,VIIA3<XBSP>,6,3.438228438,0.034382284
1060,2020-11-01,2020-11-30,VALE ON ,VALE3<XBSP>,6,28.81915772,0.288191577
1061,2020-11-01,2020-11-30,B3 ON ,B3SA3<XBSP>,6,9.951028404,0.099510284
1062,2020-11-01,2020-11-30,PETROBRAS PN ,PETR4<XBSP>,5,31.46779303,0.31467793
1063,2020-11-01,2020-11-30,GERDAU PN ,GGBR4<XBSP>,5,4.177558471,0.041775585
1064,2020-11-01,2020-11-30,MAGAZINE LUIZA ON ,MGLU3<XBSP>,4,-5.075111652,-0.050751117
1065,2020-11-01,2020-11-30,BRADESCO PN ,BBDC4<XBSP>,3,20.64550927,0.206455093
1066,2020-11-01,2020-11-30,WEG ON ,WEGE3<XBSP>,2,-2.980350785,-0.029803508
1067,2020-11-01,2020-11-30,JBS ON ,JBSS3<XBSP>,2,19.02313625,0.190231362
1068,2020-11-01,2020-11-30,BRASIL ON ,BBAS3<XBSP>,2,14.28076556,0.142807656
1069,2020-12-01,2020-12-31,PETROBRAS PN ,PETR4<XBSP>,7,13.81526104,0.13815261
1070,2020-12-01,2020-12-31,B3 ON ,B3SA3<XBSP>,7,10.4222341,0.104222341
1071,2020-12-01,2020-12-31,VALE ON ,VALE3<XBSP>,6,12.11538462,0.121153846
1072,2020-12-01,2020-12-31,VIA VAREJO ON ,VIIA3<XBSP>,5,-8.957746479,-0.089577465
1073,2020-12-01,2020-12-31,BRADESCO PN ,BBDC4<XBSP>,4,13.45313966,0.134531397
1074,2020-12-01,2020-12-31,JBS ON ,JBSS3<XBSP>,3,2.203023758,0.022030238
1075,2020-12-01,2020-12-31,BRASIL ON ,BBAS3<XBSP>,3,14.93882579,0.149388258
1076,2020-12-01,2020-12-31,GERDAU PN ,GGBR4<XBSP>,2,8.94519632,0.089451963
1077,2020-12-01,2020-12-31,CCR SA ON ,CCRO3<XBSP>,2,3.297546012,0.03297546
1078,2020-12-01,2020-12-31,HAPVIDA ON ,HAPV3<XBSP>,2,5.825242718,0.058252427
1079,2021-01-01,2021-01-31,B3 ON ,B3SA3<XBSP>,10,-2.641698595,-0.026416986
1080,2021-01-01,2021-01-31,PETROBRAS PN ,PETR4<XBSP>,9,-5.822159492,-0.058221595
1081,2021-01-01,2021-01-31,VALE ON ,VALE3<XBSP>,8,0.571755289,0.005717553
1082,2021-01-01,2021-01-31,VIA VAREJO ON ,VIIA3<XBSP>,5,-9.096534654,-0.090965347
1083,2021-01-01,2021-01-31,ITAU UNIBANCO PN ,ITUB4<XBSP>,4,-10.20512532,-0.102051253
1084,2021-01-01,2021-01-31,BRADESCO PN ,BBDC4<XBSP>,4,-8.777545051,-0.087775451
1085,2021-01-01,2021-01-31,WEG ON ,WEGE3<XBSP>,3,10.6284658,0.106284658
1086,2021-01-01,2021-01-31,JBS ON ,JBSS3<XBSP>,3,2.197802198,0.021978022
1087,2021-01-01,2021-01-31,BRASIL ON ,BBAS3<XBSP>,3,-12.73195876,-0.127319588
1088,2021-01-01,2021-01-31,MAGAZINE LUIZA ON ,MGLU3<XBSP>,2,1.28256513,0.012825651
1089,2021-02-01,2021-02-28,VALE ON ,VALE3<XBSP>,12,7.470153496,0.074701535
1090,2021-02-01,2021-02-28,B3 ON ,B3SA3<XBSP>,7,-9.197324415,-0.091973244
1091,2021-02-01,2021-02-28,PETROBRAS PN ,PETR4<XBSP>,7,-16.6729112,-0.166729112
1092,2021-02-01,2021-02-28,BRADESCO PN ,BBDC4<XBSP>,6,-6.88253297,-0.06882533
1093,2021-02-01,2021-02-28,RUMO ON ,RAIL3<XBSP>,3,-10.83743842,-0.108374384
1094,2021-02-01,2021-02-28,VIA VAREJO ON ,VIIA3<XBSP>,3,-19.19673247,-0.191967325
1095,2021-02-01,2021-02-28,JBS ON ,JBSS3<XBSP>,3,6.782464847,0.067824648
1096,2021-02-01,2021-02-28,ENEVA ON ,ENEV3<XBSP>,3,8.626198083,0.086261981
1097,2021-02-01,2021-02-28,GERDAU PN ,GGBR4<XBSP>,3,11.2688172,0.112688172
1098,2021-02-01,2021-02-28,LOJAS RENNER ON ,LREN3<XBSP>,3,-11.59874608,-0.115987461
1099,2021-03-01,2021-03-31,VALE ON ,VALE3<XBSP>,15,8.319445219,0.083194452
1100,2021-03-01,2021-03-31,B3 ON ,B3SA3<XBSP>,8,2.671380218,0.026713802
1101,2021-03-01,2021-03-31,GERDAU PN ,GGBR4<XBSP>,7,17.35992348,0.173599235
1102,2021-03-01,2021-03-31,BRADESCO PN ,BBDC4<XBSP>,4,16.49069233,0.164906923
1103,2021-03-01,2021-03-31,TOTVS ON ,TOTS3<XBSP>,3,-7.807520714,-0.078075207
1104,2021-03-01,2021-03-31,MARFRIG ON ,MRFG3<XBSP>,3,26.69064748,0.266906475
1105,2021-03-01,2021-03-31,ITAU UNIBANCO PN ,ITUB4<XBSP>,3,9.736910357,0.097369104
1106,2021-03-01,2021-03-31,BTGP BANCO UNT ,BPAC11<XBSP>,3,-4.515938607,-0.045159386
1107,2021-03-01,2021-03-31,JBS ON ,JBSS3<XBSP>,3,17.27343145,0.172734314
1108,2021-03-01,2021-03-31,KLABIN S/A UNT ,KLBN11<XBSP>,3,-6.243637598,-0.062436376
1109,2021-04-01,2021-04-30,VALE ON ,VALE3<XBSP>,15,11.27896295,0.112789629
1110,2021-04-01,2021-04-30,GERDAU PN ,GGBR4<XBSP>,9,9.92720053,0.099272005
1111,2021-04-01,2021-04-30,B3 ON ,B3SA3<XBSP>,8,-5.712193336,-0.057121933
1112,2021-04-01,2021-04-30,ITAÚ UNIBANCO PN ,ITUB4<XBSP>,6,-1.314550975,-0.01314551
1113,2021-04-01,2021-04-30,VIA VAREJO ON ,VIIA3<XBSP>,4,-1.988400994,-0.01988401
1114,2021-04-01,2021-04-30,WEG ON ,WEGE3<XBSP>,4,-6.089055794,-0.060890558
1115,2021-04-01,2021-04-30,PETROBRAS PN ,PETR4<XBSP>,3,1.303306322,0.013033063
1116,2021-04-01,2021-04-30,JBS ON ,JBSS3<XBSP>,3,2.776166443,0.027761664
1117,2021-04-01,2021-04-30,PETRO RIO ON ,PRIO3<XBSP>,3,-0.758560902,-0.007585609
1118,2021-04-01,2021-04-30,TOTVS ON ,TOTS3<XBSP>,3,7.812963438,0.078129634
1119,2021-05-01,2021-05-31,VALE ON ,VALE3<XBSP>,10,5.283434232,0.052834342
1120,2021-05-01,2021-05-31,GERDAU PN ,GGBR4<XBSP>,7,0.255619178,0.002556192
1121,2021-05-01,2021-05-31,PETROBRAS PN ,PETR4<XBSP>,6,13.75952583,0.137595258
1122,2021-05-01,2021-05-31,B3 ON ,B3SA3<XBSP>,5,2.174757282,0.021747573
1123,2021-05-01,2021-05-31,BRADESCO PN ,BBDC4<XBSP>,5,11.11309853,0.111130985
1124,2021-05-01,2021-05-31,LOCALIZA ON ,RENT3<XBSP>,3,-2.529546363,-0.025295464
1125,2021-05-01,2021-05-31,ITAÚ UNIBANCO PN ,ITUB4<XBSP>,3,7.538205061,0.075382051
1126,2021-05-01,2021-05-31,CYRELA REALT ON ,CYRE3<XBSP>,3,1.572460689,0.015724607
1127,2021-05-01,2021-05-31,BTGP BANCO UNT ,BPAC11<XBSP>,3,15.35962877,0.153596288
1128,2021-05-01,2021-05-31,LOJAS RENNER ON ,LREN3<XBSP>,3,15.84158416,0.158415842
1129,2021-06-01,2021-06-30,VALE ON ,VALE3<XBSP>,10,0.604087506,0.006040875
1130,2021-06-01,2021-06-30,PETROBRAS PN ,PETR4<XBSP>,6,9.527353926,0.095273539
1131,2021-06-01,2021-06-30,MAGAZINE LUIZA ON ,MGLU3<XBSP>,5,4.910714286,0.049107143
1132,2021-06-01,2021-06-30,B3 ON ,B3SA3<XBSP>,5,-2.881513357,-0.028815134
1133,2021-06-01,2021-06-30,GERDAU PN ,GGBR4<XBSP>,4,-10.05467801,-0.10054678
1134,2021-06-01,2021-06-30,LOJAS RENNER ON ,LREN3<XBSP>,4,-5.284982654,-0.052849827
1135,2021-06-01,2021-06-30,BRADESCO PN ,BBDC4<XBSP>,4,-2.764193682,-0.027641937
1136,2021-06-01,2021-06-30,TOTVS ON ,TOTS3<XBSP>,3,9.225413403,0.092254134
1137,2021-06-01,2021-06-30,JBS ON ,JBSS3<XBSP>,3,-3.801652893,-0.038016529
1138,2021-06-01,2021-06-30,ITAÚ UNIBANCO PN ,ITUB4<XBSP>,3,0.931414056,0.009314141
1139,2021-07-01,2021-07-31,VALE ON ,VALE3<XBSP>,12,-3.964679912,-0.039646799
1140,2021-07-01,2021-07-31,PETROBRAS PN ,PETR4<XBSP>,5,-8.562691132,-0.085626911
1141,2021-07-01,2021-07-31,B3 ON ,B3SA3<XBSP>,5,-9.334126041,-0.09334126
1142,2021-07-01,2021-07-31,MAGAZINE LUIZA ON ,MGLU3<XBSP>,4,-2.529835399,-0.025298354
1143,2021-07-01,2021-07-31,LOJAS RENNER ON ,LREN3<XBSP>,4,-6.624463034,-0.06624463
1144,2021-07-01,2021-07-31,ITAÚ UNIBANCO PN ,ITUB4<XBSP>,4,1.729058251,0.017290583
1145,2021-07-01,2021-07-31,TOTVS ON ,TOTS3<XBSP>,3,-6.082337318,-0.060823373
1146,2021-07-01,2021-07-31,SIMPAR ON ,SIMH3<XBSP>,3,25.2247393,0.252247393
1147,2021-07-01,2021-07-31,KLABIN UNT ,KLBN11<XBSP>,3,-7.137433561,-0.071374336
1148,2021-07-01,2021-07-31,VIA VAREJO ON ,VIIA3<XBSP>,2,-20.26599113,-0.202659911
1149,2021-08-01,2021-08-31,VALE ON ,VALE3<XBSP>,9,-9.268113277,-0.092681133
1150,2021-08-01,2021-08-31,ITAÚ UNIBANCO PN ,ITUB4<XBSP>,6,2.508611883,0.025086119
1151,2021-08-01,2021-08-31,PETROBRAS PN ,PETR4<XBSP>,4,7.058473774,0.070584738
1152,2021-08-01,2021-08-31,VIA ON ,VIIA3<XBSP>,4,-17.47418586,-0.174741859
1153,2021-08-01,2021-08-31,SIMPAR ON ,SIMH3<XBSP>,4,-14.71643934,-0.147164393
1154,2021-08-01,2021-08-31,USIMINAS PNA ,USIM5<XBSP>,3,-10.11181332,-0.101118133
1155,2021-08-01,2021-08-31,LOJAS RENNER ON ,LREN3<XBSP>,3,-7.84503632,-0.078450363
1156,2021-08-01,2021-08-31,BTGP BANCO UNT ,BPAC11<XBSP>,3,-2.862311888,-0.028623119
1157,2021-08-01,2021-08-31,JBS ON ,JBSS3<XBSP>,3,0.423214583,0.004232146
1158,2021-08-01,2021-08-31,B3 ON ,B3SA3<XBSP>,3,-7.737704918,-0.077377049
1159,2021-09-01,2021-09-30,ITAÚ UNIBANCO PN ,ITUB4<XBSP>,7,-6.45109135,-0.064510914
1160,2021-09-01,2021-09-30,VALE ON ,VALE3<XBSP>,6,-14.71463269,-0.147146327
1161,2021-09-01,2021-09-30,REDE DOR ON ,RDOR3<XBSP>,4,0.205881055,0.002058811
1162,2021-09-01,2021-09-30,PETROBRAS BR ON ,VBBR3<XBSP>,3,-12.47108318,-0.124710832
1163,2021-09-01,2021-09-30,PETRO RIO ON ,PRIO3<XBSP>,3,30.51643193,0.305164319
1164,2021-09-01,2021-09-30,WEG ON ,WEGE3<XBSP>,2,11.50129175,0.115012917
1165,2021-09-01,2021-09-30,LOJAS RENNER ON ,LREN3<XBSP>,2,-9.246519752,-0.092465198
1166,2021-09-01,2021-09-30,BRADESCO PN ,BBDC4<XBSP>,2,-9.94765946,-0.099476595
1167,2021-09-01,2021-09-30,B3 ON ,B3SA3<XBSP>,2,-8.070164231,-0.080701642
1168,2021-09-01,2021-09-30,PETROBRAS PN ,PETR4<XBSP>,2,0.147112909,0.001471129
1169,2021-10-01,2021-10-31,VALE ON ,VALE3<XBSP>,7,-6.072927597,-0.060729276
1170,2021-10-01,2021-10-31,ITAÚ UNIBANCO PN ,ITUB4<XBSP>,5,-2.235197083,-0.022351971
1171,2021-10-01,2021-10-31,REDE DOR ON ,RDOR3<XBSP>,4,-13.12030629,-0.131203063
1172,2021-10-01,2021-10-31,ITAÚSA PN ,ITSA4<XBSP>,4,-7.989228007,-0.07989228
1173,2021-10-01,2021-10-31,PETROBRAS PN ,PETR4<XBSP>,4,0.073448403,0.000734484
1174,2021-10-01,2021-10-31,JBS ON ,JBSS3<XBSP>,3,5.341246291,0.053412463
1175,2021-10-01,2021-10-31,LOJAS RENNER ON ,LREN3<XBSP>,3,-6.362579896,-0.063625799
1176,2021-10-01,2021-10-31,ISHARES S&P 500 CI ,IVVB11<XBSP>,3,10.98039216,0.109803922
1177,2021-10-01,2021-10-31,GERDAU PN ,GGBR4<XBSP>,2,-0.73800738,-0.007380074
1178,2021-10-01,2021-10-31,USIMINAS PNA ,USIM5<XBSP>,2,-17.80397022,-0.178039702
1179,2021-11-01,2021-11-30,GERDAU PN ,GGBR4<XBSP>,5,2.698699616,0.026986996
1180,2021-11-01,2021-11-30,JBS ON ,JBSS3<XBSP>,4,-6.238734973,-0.06238735
1181,2021-11-01,2021-11-30,ITAÚ UNIBANCO PN ,ITUB4<XBSP>,4,-2.762359031,-0.02762359
1182,2021-11-01,2021-11-30,VALE ON ,VALE3<XBSP>,4,-2.318111996,-0.02318112
1183,2021-11-01,2021-11-30,VIBRA ON ,VBBR3<XBSP>,3,3.717826502,0.037178265
1184,2021-11-01,2021-11-30,TELEFÔNICA BRASIL ON ,VIVT3<XBSP>,3,10.47891037,0.104789104
1185,2021-11-01,2021-11-30,PETROBRAS PN ,PETR4<XBSP>,3,8.0,0.08
1186,2021-11-01,2021-11-30,ITAÚSA PN ,ITSA4<XBSP>,3,-4.1668561,-0.041668561
1187,2021-11-01,2021-11-30,PETZ ON ,PETZ3<XBSP>,3,-2.983484283,-0.029834843
1188,2021-11-01,2021-11-30,REDE DOR ON ,RDOR3<XBSP>,3,-14.9661017,-0.149661017
1189,2021-12-01,2021-12-31,VALE ON ,VALE3<XBSP>,9,11.45103645,0.114510365
1190,2021-12-01,2021-12-31,GERDAU PN ,GGBR4<XBSP>,5,5.658914729,0.056589147
1191,2021-12-01,2021-12-31,BRADESCO PN ,BBDC4<XBSP>,5,-2.225123816,-0.022251238
1192,2021-12-01,2021-12-31,BRASIL ON ,BBAS3<XBSP>,4,-8.896058936,-0.088960589
1193,2021-12-01,2021-12-31,ITAÚ UNIBANCO PN ,ITUB4<XBSP>,4,-6.315749463,-0.063157495
1194,2021-12-01,2021-12-31,SUZANO PAPEL ON ,SUZB3<XBSP>,3,7.033475784,0.070334758
1195,2021-12-01,2021-12-31,VIBRA ON ,VBBR3<XBSP>,3,-1.077109305,-0.010771093
1196,2021-12-01,2021-12-31,MULTIPLAN ON ,MULT3<XBSP>,3,-1.939087015,-0.01939087
1197,2021-12-01,2021-12-31,PETROBRAS PN ,PETR4<XBSP>,3,8.59532436,0.085953244
1198,2021-12-01,2021-12-31,REDE DOR ON ,RDOR3<XBSP>,3,-10.45996081,-0.104599608
1199,2022-01-01,2022-01-31,VALE ON ,VALE3<XBSP>,12,3.732683427,0.037326834
1200,2022-01-01,2022-01-31,GERDAU PN ,GGBR4<XBSP>,6,2.127659574,0.021276596
1201,2022-01-01,2022-01-31,PETRO RIO ON ,PRIO3<XBSP>,4,15.72327044,0.157232704
1202,2022-01-01,2022-01-31,BRADESCO PN ,BBDC4<XBSP>,4,18.80267069,0.188026707
1203,2022-01-01,2022-01-31,ITAÚ UNIBANCO PN ,ITUB4<XBSP>,4,21.00886905,0.21008869
1204,2022-01-01,2022-01-31,VIBRA ON ,VBBR3<XBSP>,3,7.009345794,0.070093458
1205,2022-01-01,2022-01-31,SUZANO PAPEL ON ,SUZB3<XBSP>,3,-0.338619337,-0.003386193
1206,2022-01-01,2022-01-31,MAGAZINE LUIZA ON ,MGLU3<XBSP>,3,-3.047091413,-0.030470914
1207,2022-01-01,2022-01-31,COPEL PNB ,CPLE6<XBSP>,3,13.37856199,0.13378562
1208,2022-01-01,2022-01-31,PETROBRAS PN ,PETR4<XBSP>,3,13.70826011,0.137082601
1209,2022-02-01,2022-02-28,VALE ON ,VALE3<XBSP>,10,14.10906393,0.141090639
1210,2022-02-01,2022-02-28,BRADESCO PN ,BBDC4<XBSP>,6,-10.67153228,-0.106715323
1211,2022-02-01,2022-02-28,PETRO RIO ON ,PRIO3<XBSP>,6,7.943143813,0.079431438
1212,2022-02-01,2022-02-28,ITAÚ UNIBANCO PN ,ITUB4<XBSP>,5,0.676686251,0.006766863
1213,2022-02-01,2022-02-28,GERDAU PN ,GGBR4<XBSP>,5,-8.548850575,-0.085488506
1214,2022-02-01,2022-02-28,COSAN ON ,CSAN3<XBSP>,4,-11.19057636,-0.111905764
1215,2022-02-01,2022-02-28,WEG ON ,WEGE3<XBSP>,3,-7.948432382,-0.079484324
1216,2022-02-01,2022-02-28,VIBRA ON ,VBBR3<XBSP>,3,3.013100437,0.030131004
1217,2022-02-01,2022-02-28,KLABIN UNT ,KLBN11<XBSP>,3,-5.397276563,-0.053972766
1218,2022-02-01,2022-02-28,BRASIL ON ,BBAS3<XBSP>,3,7.807715861,0.078077159
1219,2022-03-01,2022-03-31,VALE ON ,VALE3<XBSP>,12,7.580624204,0.075806242
1220,2022-03-01,2022-03-31,PETRO RIO ON ,PRIO3<XBSP>,8,-7.784663052,-0.077846631
1221,2022-03-01,2022-03-31,ITAÚ UNIBANCO PN ,ITUB4<XBSP>,5,7.966454964,0.07966455
1222,2022-03-01,2022-03-31,PETROBRAS PN ,PETR4<XBSP>,5,-1.617647059,-0.016176471
1223,2022-03-01,2022-03-31,BRADESCO PN ,BBDC4<XBSP>,5,9.292158297,0.092921583
1224,2022-03-01,2022-03-31,TAESA UNIT ,TAEE11<XBSP>,4,11.94521938,0.119452194
1225,2022-03-01,2022-03-31,SUZANO PAPEL ON ,SUZB3<XBSP>,4,0.145269657,0.001452697
1226,2022-03-01,2022-03-31,BRASIL ON ,BBAS3<XBSP>,4,1.517873254,0.015178733
1227,2022-03-01,2022-03-31,VIBRA ON ,VBBR3<XBSP>,3,-0.890207715,-0.008902077
1228,2022-03-01,2022-03-31,BTGP BANCO UNT ,BPAC11<XBSP>,3,1.36239782,0.013623978
1229,2022-04-01,2022-04-30,VALE ON ,VALE3<XBSP>,11,-12.87656904,-0.12876569
1230,2022-04-01,2022-04-30,BRASIL ON ,BBAS3<XBSP>,5,-4.265129683,-0.042651297
1231,2022-04-01,2022-04-30,ITAÚ UNIBANCO PN ,ITUB4<XBSP>,5,-13.08099999,-0.13081
1232,2022-04-01,2022-04-30,PETROBRAS PN ,PETR4<XBSP>,4,-1.055644354,-0.010556444
1233,2022-04-01,2022-04-30,SUZANO PAPEL ON ,SUZB3<XBSP>,3,-10.04533092,-0.100453309
1234,2022-04-01,2022-04-30,WEG ON ,WEGE3<XBSP>,3,-13.67938056,-0.136793806
1235,2022-04-01,2022-04-30,JBS ON ,JBSS3<XBSP>,3,1.665323664,0.016653237
1236,2022-04-01,2022-04-30,PETRO RIO ON ,PRIO3<XBSP>,3,12.13775725,0.121377572
1237,2022-04-01,2022-04-30,BRADESCO PN ,BBDC4<XBSP>,3,-10.9131925,-0.109131925
1238,2022-04-01,2022-04-30,INTER BANCO UNIT ,BIDI11<XBSP>,2,-28.44339623,-0.284433962
1239,2022-05-01,2022-05-31,VALE ON ,VALE3<XBSP>,13,3.505823028,0.03505823
1240,2022-05-01,2022-05-31,BRASIL ON ,BBAS3<XBSP>,8,12.19314811,0.121931481
1241,2022-05-01,2022-05-31,PETRO RIO ON ,PRIO3<XBSP>,6,4.831460674,0.048314607
1242,2022-05-01,2022-05-31,PETROBRAS PN ,PETR4<XBSP>,5,10.62807508,0.106280751
1243,2022-05-01,2022-05-31,JBS ON ,JBSS3<XBSP>,4,-3.276277205,-0.032762772
1244,2022-05-01,2022-05-31,BRADESCO PN ,BBDC4<XBSP>,3,14.13609097,0.14136091
1245,2022-05-01,2022-05-31,ITAÚ UNIBANCO PN ,ITUB4<XBSP>,3,9.674728067,0.096747281
1246,2022-05-01,2022-05-31,TAESA UNIT ,TAEE11<XBSP>,3,-3.188909546,-0.031889095
1247,2022-05-01,2022-05-31,LOCALIZA ON ,RENT3<XBSP>,2,9.216843789,0.092168438
1248,2022-05-01,2022-05-31,TOTVS ON ,TOTS3<XBSP>,2,-11.26055677,-0.112605568
1249,2022-06-01,2022-06-30,VALE ON ,VALE3<XBSP>,13,-11.19359703,-0.11193597
1250,2022-06-01,2022-06-30,PETRO RIO ON ,PRIO3<XBSP>,7,-21.43622722,-0.214362272
1251,2022-06-01,2022-06-30,BRASIL ON ,BBAS3<XBSP>,5,-8.166804535,-0.081668045
1252,2022-06-01,2022-06-30,ITAÚ UNIBANCO PN ,ITUB4<XBSP>,5,-13.28247078,-0.132824708
1253,2022-06-01,2022-06-30,PETROBRAS PN ,PETR4<XBSP>,4,-7.085828343,-0.070858283
1254,2022-06-01,2022-06-30,SUZANO PAPEL ON ,SUZB3<XBSP>,3,-7.121495327,-0.071214953
1255,2022-06-01,2022-06-30,LOCALIZA ON ,RENT3<XBSP>,3,-8.883866481,-0.088838665
1256,2022-06-01,2022-06-30,KLABIN UNT ,KLBN11<XBSP>,3,-9.579230081,-0.095792301
1257,2022-06-01,2022-06-30,BRADESCO PN ,BBDC4<XBSP>,2,-15.13894221,-0.151389422
1258,2022-06-01,2022-06-30,JBS ON ,JBSS3<XBSP>,2,-11.26404494,-0.112640449
1259,2022-07-01,2022-07-31,VALE ON ,VALE3<XBSP>,15,-8.894984326,-0.088949843
1260,2022-07-01,2022-07-31,SUZANO PAPEL ON ,SUZB3<XBSP>,4,-2.817468304,-0.028174683
1261,2022-07-01,2022-07-31,PETROBRAS PN ,PETR4<XBSP>,4,22.26996062,0.222699606
1262,2022-07-01,2022-07-31,ITAÚ UNIBANCO PN ,ITUB4<XBSP>,4,4.271742226,0.042717422
1263,2022-07-01,2022-07-31,BRASIL ON ,BBAS3<XBSP>,4,7.759137208,0.077591372
1264,2022-07-01,2022-07-31,BB SEGURIDADE ON ,BBSE3<XBSP>,3,11.67180277,0.116718028
1265,2022-07-01,2022-07-31,PETRO RIO ON ,PRIO3<XBSP>,3,10.14097317,0.101409732
1266,2022-07-01,2022-07-31,EQUATORIAL ON ,EQTL3<XBSP>,3,8.625218914,0.086252189
1267,2022-07-01,2022-07-31,KLABIN UNT ,KLBN11<XBSP>,3,-1.336633663,-0.013366337
1268,2022-07-01,2022-07-31,ASSAÍ ON ,ASAI3<XBSP>,3,11.0721794,0.110721794
